ID,Address,Rooms,Type,Price,Date,Bathroom,Car,Landsize,Age,Lattitude,Longtitude
ID256597507,18 Grimwade Ct,3,h,528000.0,27/05/2017,2.0,1.0,525.0,6.0,-37.6507,145.04681000000005
ID464726065,168 Scotchmer St,3,h,1581000.0,28/05/2016,1.0,0.0,193.0,109.0,-37.7836,144.985
ID857676762,87 Palmerston St,3,h,1263000.0,9/09/2017,1.0,1.0,110.0,139.0,-37.79667,144.97204
ID608833881,24 Mater St,2,h,1025000.0,3/06/2017,2.0,1.0,108.0,14.0,-37.79531,144.9863
ID774776006,27 Vantage Bvd,4,h,800000.0,19/08/2017,2.0,2.0,511.0,6.0,-37.59372000000001,144.89449
ID321731511,7 Park Dr,3,t,680000.0,18/03/2017,2.0,2.0,224.0,21.0,-37.749,144.8599
ID567765214,5 Loeman St,4,h,1270000.0,28/08/2016,2.0,2.0,411.0,23.0,-37.757,144.9251
ID800277999,5 Donal St,3,h,1255000.0,22/04/2017,1.0,2.0,557.0,69.0,-37.9059,145.0733
ID566649058,5/6 Ulupna Rd,2,u,640000.0,27/05/2017,1.0,1.0,0.0,99.0,-37.90323,145.04286000000005
ID764316944,4 Glenroy Rd,2,h,726335.0,27/11/2016,1.0,2.0,590.0,84.0,-37.7072,144.938
ID635602835,69 Willowtree Dr,4,h,410500.0,24/06/2017,2.0,2.0,425.0,59.0,-38.07474000000001,145.45376000000005
ID550379468,6 Berry St,2,h,900000.0,10/12/2016,1.0,0.0,95.0,119.0,-37.8193,144.9976
ID510759690,35 Spring St,4,h,1010000.0,27/05/2017,2.0,2.0,650.0,19.0,-37.73327000000001,144.87482
ID754567665,18 Buckingham St,3,h,900000.0,17/09/2016,3.0,1.0,58.0,10.0,-37.8139,145.0012
ID606790979,7 Thames St,3,h,1100000.0,25/02/2017,1.0,0.0,613.0,94.0,-37.7532,145.0554
ID365617401,3 Hampshire Rd,4,h,1120000.0,17/06/2017,2.0,2.0,280.0,11.0,-37.79423,145.13696000000004
ID671989663,176 Were St,5,h,1562500.0,10/09/2016,2.0,2.0,655.0,94.0,-37.9264,145.0044
ID500608570,6 Chester St,3,h,1360000.0,4/06/2016,2.0,1.0,704.0,79.0,-37.852,145.0942
ID587696224,8 Pearson St,3,h,950000.0,3/06/2017,1.0,0.0,169.0,21.0,-37.8561,144.90028
ID634391893,24 Gadd St,5,h,1351000.0,13/05/2017,3.0,2.0,707.0,64.0,-37.9098,145.097
ID679629667,7/129 Hoddle St,2,u,890500.0,1/07/2017,2.0,2.0,180.0,79.0,-37.81443,144.99079
ID808079238,47 Hoddle St,3,h,1085000.0,27/06/2016,1.0,1.0,325.0,119.0,-37.7525,144.9232
ID950399008,49 Fenwick St,3,h,1680000.0,19/11/2016,2.0,1.0,201.0,14.0,-37.7884,145.0
ID398572654,6 McCully St,3,h,970000.0,30/07/2016,1.0,1.0,194.0,7.0,-37.7756,144.921
ID214269691,8 Ian Av,4,h,800000.0,9/09/2017,2.0,2.0,650.0,59.0,-37.80103,145.25368
ID428651884,12 Shanley St,2,h,740000.0,24/06/2017,1.0,1.0,487.0,79.0,-37.71949,144.94283000000001
ID355382628,8/46 Kororoit Creek Rd,2,u,460000.0,11/03/2017,1.0,1.0,0.0,40.0,-37.8573,144.8854
ID810482518,11/19 Brindisi St,2,u,640000.0,8/07/2017,1.0,1.0,128.0,47.0,-37.98346,145.06313
ID469167705,13 Bernard St,3,h,1600000.0,22/08/2016,2.0,2.0,760.0,10.0,-37.7867,145.0797
ID965673844,4 Long St,3,h,1285000.0,3/06/2017,2.0,3.0,448.0,51.0,-37.86148,144.88303
ID516874524,45 Lyons Rd,3,h,766000.0,12/08/2017,2.0,2.0,507.0,59.0,-37.76572,145.28915
ID780097169,45 Thomson St,3,h,760000.0,8/04/2017,1.0,2.0,584.0,79.0,-37.7858,144.8757
ID337871719,43 Henshall Rd,4,h,1430000.0,16/04/2016,2.0,1.0,607.0,29.0,-37.7376,144.9154
ID390385287,25 Allan St,4,h,875000.0,8/10/2016,1.0,4.0,559.0,54.0,-37.8448,144.8529
ID722432826,39 Hazel Dr,5,h,750000.0,12/11/2016,3.0,4.0,800.0,13.0,-37.7696,145.1078
ID867730728,29 Monash St,2,h,920000.0,24/06/2017,1.0,1.0,575.0,29.0,-37.784459999999996,144.88781
ID751464529,36 Bell St,3,h,1870000.0,27/05/2017,1.0,1.0,271.0,109.0,-37.81816,145.03938
ID938543551,59 Hedderwick St,5,h,2800000.0,8/10/2016,4.0,6.0,877.0,14.0,-37.7491,144.9002
ID886459504,2 Wattletree Ct,5,h,1832000.0,22/07/2017,2.0,2.0,803.0,44.0,-37.87942,145.17668
ID420499285,2 Ormiston St,4,h,1400000.0,23/09/2017,2.0,2.0,664.0,54.0,-37.863009999999996,145.14145
ID986558831,2/6 Pitta Cl,2,u,302500.0,3/06/2017,1.0,2.0,471.0,11.0,-37.88275,144.66661000000005
ID469688766,4 Ada St,3,h,2250000.0,16/04/2016,2.0,2.0,656.0,10.0,-37.841,145.0824
ID234956744,12 Borrie St,3,h,703000.0,18/06/2016,2.0,1.0,597.0,59.0,-37.7066,145.0203
ID754567665,18 Buckingham St,3,h,900000.0,17/09/2016,3.0,1.0,58.0,10.0,-37.8139,145.0012
ID848235372,2/25 Stanlake St,3,t,699000.0,24/09/2016,1.0,1.0,125.0,19.0,-37.7922,144.8831
ID907911231,10/60 Hawthorn Gr,1,u,499000.0,28/05/2016,1.0,1.0,0.0,59.0,-37.8158,145.0342
ID892671867,155 Dendy St,3,h,1400000.0,19/11/2016,2.0,2.0,486.0,19.0,-37.9213,145.0111
ID574663016,2/170 Cecil St,2,h,1000000.0,13/05/2017,1.0,2.0,447.0,119.0,-37.8602,144.8997
ID579587757,8 Jones Ct,3,h,1021000.0,8/04/2017,2.0,2.0,371.0,5.0,-37.7229,144.9055
ID230881426,51 Princess St,4,h,2460000.0,24/09/2016,4.0,2.0,737.0,109.0,-37.8042,145.0291
ID886477822,7 Maidstone St,2,h,1030000.0,27/05/2017,1.0,1.0,743.0,6.0,-37.8732,144.81331
ID699008641,100 Perry St,2,h,1010000.0,22/08/2016,1.0,1.0,285.0,4.0,-37.774,145.0244
ID210526727,9/88 Marshall St,2,u,480000.0,3/09/2016,1.0,1.0,0.0,69.0,-37.77,145.0472
ID884586672,39 Mirls St,4,h,1005000.0,17/06/2017,1.0,1.0,390.0,89.0,-37.84283,144.87958999999995
ID658333134,8 Fulham Cl,3,h,750000.0,26/08/2017,1.0,2.0,698.0,59.0,-38.16624,145.13297
ID670164399,13 Abbott St,3,h,835000.0,17/09/2016,1.0,3.0,459.0,129.0,-37.8255,144.8709
ID144625166,232 Brunswick Rd,3,h,1280000.0,23/09/2017,1.0,2.0,212.0,119.0,-37.77695,144.95785
ID578362580,126 Mills St,2,h,1535000.0,1/07/2017,1.0,0.0,171.0,119.0,-37.8481,144.9566
ID951673445,122 Richardson St,2,h,1725000.0,4/03/2017,1.0,1.0,210.0,129.0,-37.7844,144.972
ID573581621,4 Seventh Av,3,h,770000.0,16/09/2017,1.0,2.0,549.0,119.0,-37.84476,144.8472
ID710444092,4/6 Crefden St,2,u,360000.0,23/04/2016,2.0,1.0,0.0,69.0,-37.7776,144.8723
ID616011056,69 Ford St,3,h,970000.0,8/04/2017,1.0,4.0,459.0,74.0,-37.7639,145.0377
ID145084077,8/49 Patterson St,2,u,702000.0,18/06/2016,1.0,1.0,0.0,49.0,-37.8549,144.9662
ID117841212,522 Waterdale Rd,2,h,526000.0,27/06/2016,1.0,1.0,310.0,25.0,-37.7389,145.0486
ID552401792,9/3 Irving St,2,u,570500.0,4/03/2017,1.0,2.0,0.0,49.0,-37.8597,145.0318
ID710018783,39 Lynch Rd,3,h,751000.0,17/09/2016,6.0,2.0,592.0,59.0,-37.711999999999996,144.9719
ID540747564,3/66 Darebin Bvd,2,u,401000.0,10/12/2016,1.0,1.0,184.0,54.0,-37.7043,145.0277
ID307976209,72 Hunter Rd,3,h,1620000.0,13/05/2017,2.0,2.0,575.0,19.0,-37.8378,145.0909
ID495040883,10 Melville Cl,3,h,678500.0,9/09/2017,1.0,2.0,539.0,44.0,-37.712959999999995,144.82223
ID118929342,50 Hotham Rd,3,h,1015000.0,22/08/2016,1.0,1.0,643.0,69.0,-37.736,144.8839
ID216586703,35 Hunter St,3,h,1287000.0,18/03/2017,1.0,1.0,620.0,14.0,-37.9031,145.0578
ID407274326,4 Pershore Ct,3,h,635000.0,29/07/2017,2.0,1.0,691.0,44.0,-37.68026,144.88468
ID899031466,4 Bess Ct,3,h,620000.0,24/06/2017,1.0,4.0,597.0,49.0,-37.98265,145.22696000000005
ID420868301,8 Blackwood Pde,2,h,686000.0,8/10/2016,1.0,2.0,650.0,59.0,-37.7446,145.0404
ID166677211,37 Roberts St,3,h,891000.0,18/06/2016,3.0,1.0,292.0,21.0,-37.7505,144.8657
ID346278866,24 Fossickers Wy,3,h,826000.0,15/07/2017,2.0,0.0,830.0,44.0,-37.75079,145.20617
ID699008641,100 Perry St,2,h,1010000.0,22/08/2016,1.0,1.0,285.0,4.0,-37.774,145.0244
ID970465752,115 Belford Rd,3,h,1650000.0,16/09/2017,1.0,2.0,650.0,102.0,-37.79235,145.04789
ID713937883,226 Union Rd,5,h,2200000.0,3/09/2016,3.0,2.0,735.0,99.0,-37.8175,145.0987
ID344716308,2/20 Crookston Rd,2,u,352000.0,3/12/2016,1.0,1.0,117.0,7.0,-37.7101,145.0223
ID767384337,202/440 Docklands Dr,4,t,1370000.0,13/08/2016,2.0,2.0,0.0,18.0,-37.8141,144.9387
ID208698713,9/196 The Avenue,1,u,526000.0,30/07/2016,1.0,1.0,0.0,24.0,-37.7829,144.9574
ID856460427,76 East Esplanade,3,h,627000.0,22/07/2017,1.0,3.0,581.0,39.0,-37.73348,144.79564
ID642718929,1/43 Williams Rd,2,u,380000.0,16/07/2016,1.0,1.0,0.0,49.0,-37.8555,145.0018
ID284132434,53 Madeline St,4,h,1920000.0,27/11/2016,2.0,2.0,706.0,8.0,-37.8573,145.0904
ID472872919,159 Cooper St,3,t,650000.0,13/08/2016,2.0,1.0,160.0,34.0,-37.7403,144.8989
ID901890029,11/140 Riversdale Rd,1,u,292000.0,7/11/2016,1.0,0.0,0.0,53.0,-37.8294,145.0382
ID350210105,19 Newry St,3,h,1400000.0,17/06/2017,1.0,0.0,364.0,49.0,-37.85538,145.00013
ID594001898,1/1 Clarendon St,3,t,650000.0,8/07/2017,2.0,2.0,159.0,3.0,-37.78502,144.86733
ID594767064,34 Oamaru St,3,h,1160000.0,16/04/2016,3.0,2.0,425.0,99.0,-37.7684,145.0099
ID390528980,12 Yangoora Pl,4,h,900000.0,29/07/2017,3.0,1.0,807.0,44.0,-37.70077,145.12743
ID606560766,104/13 Wellington St,2,u,575000.0,18/06/2016,2.0,1.0,0.0,6.0,-37.8562,144.9844
ID879918464,3/20 Orange Gr,2,u,416000.0,18/06/2016,1.0,1.0,0.0,59.0,-37.8678,144.9966
ID191916021,13 Hudson St,4,h,1160000.0,18/06/2016,2.0,5.0,371.0,131.0,-37.7436,144.96200000000005
ID306322238,1/99 Spray St,2,u,632000.0,7/11/2016,1.0,1.0,0.0,49.0,-37.8831,144.9855
ID641742125,17/29 Bendall St,3,u,570000.0,11/03/2017,1.0,2.0,0.0,29.0,-37.7897,144.9239
ID244552663,16/43 Arndt Rd,2,u,541000.0,22/07/2017,1.0,1.0,133.0,9.0,-37.72136,144.92932
ID330270706,2/27 Ruffey St,3,u,725000.0,18/06/2016,1.0,1.0,465.0,44.0,-37.7549,145.1185
ID558295096,117 East St,3,h,731000.0,3/06/2017,1.0,2.0,608.0,18.0,-37.70527,144.95084
ID582627479,103 Woodland St,3,h,1550000.0,15/07/2017,1.0,1.0,730.0,39.0,-37.74253,144.91753
ID649793566,23 Gardner St,3,t,1012000.0,27/06/2016,2.0,1.0,80.0,59.0,-37.8155,145.0061
ID542461058,4/6 Riverview Rd,2,u,606000.0,12/11/2016,1.0,2.0,0.0,47.0,-37.7598,144.9128
ID420621925,11 Elphinstone St,3,h,820000.0,12/11/2016,1.0,3.0,440.0,69.0,-37.7937,144.8732
ID848873930,1/119 Melrose Dr,4,h,586000.0,8/07/2017,1.0,3.0,0.0,44.0,-37.70695,144.88513999999995
ID819959179,1A Riverview Ct,4,h,1190000.0,29/04/2017,3.0,2.0,224.0,4.0,-37.7641,144.8885
ID211514147,86 Mills St,3,h,2000000.0,16/04/2016,2.0,1.0,211.0,119.0,-37.847,144.9575
ID276842475,1/10 McComas Gr,2,u,650000.0,11/03/2017,1.0,1.0,194.0,44.0,-37.8509,145.1119
ID988511028,1/455 Albion St,1,u,265000.0,7/05/2016,1.0,1.0,0.0,19.0,-37.7586,144.9452
ID578736142,2/5 Connie St,3,u,870000.0,24/09/2016,2.0,2.0,365.0,8.0,-37.9225,145.0754
ID525899208,3/11 Ormond Rd,2,u,410000.0,26/07/2016,1.0,1.0,0.0,49.0,-37.903,145.0452
ID548681471,44 Challis St,2,h,800000.0,4/03/2017,1.0,1.0,244.0,79.0,-37.846,144.8729
ID742807589,21 Pullar St,3,h,490000.0,4/06/2016,1.0,2.0,306.0,59.0,-37.7838,144.8724
ID283692234,17 Payne St,3,h,586000.0,23/09/2017,1.0,1.0,534.0,59.0,-37.686409999999995,144.88487
ID193671890,6/56 Red Bluff St,2,u,879000.0,17/06/2017,1.0,1.0,0.0,49.0,-37.963409999999996,145.01735
ID671740595,16 Mistletoe Cl,5,h,1070000.0,29/07/2017,2.0,2.0,726.0,39.0,-37.88309,145.24917
ID506866183,2 Osborne Av,3,t,1435000.0,29/07/2017,3.0,2.0,307.0,5.0,-37.91648,145.04927
ID513308661,221/408 Lygon St,1,u,370000.0,15/10/2016,1.0,1.0,0.0,21.0,-37.765,144.9731
ID664403451,27 Connie St,4,h,1255000.0,28/08/2016,2.0,2.0,610.0,69.0,-37.9207,145.0757
ID125755888,4 Blackley Ct,3,h,635000.0,19/08/2017,1.0,2.0,712.0,54.0,-37.761720000000004,144.77265
ID883621313,34 Princess St,3,h,1126000.0,18/03/2017,1.0,0.0,357.0,119.0,-37.8103,144.8962
ID650221691,78/8 Wallen Rd,4,u,1650000.0,15/10/2016,2.0,3.0,207.0,17.0,-37.8271,145.0243
ID911207662,2/56 Banksia St,2,t,595000.0,17/09/2016,1.0,1.0,88.0,69.0,-37.7587,145.0629
ID510045824,40A Gladstone St,3,h,880000.0,3/06/2017,2.0,1.0,229.0,49.0,-37.74524,144.9754
ID325556616,34 Tindales Rd,3,h,400000.0,22/07/2017,2.0,1.0,213.0,4.0,-37.60983,145.03874
ID223379530,55 Keon Pde,2,h,680000.0,9/09/2017,1.0,2.0,576.0,54.0,-37.69573,145.01689
ID872777653,3 Scotch Av,2,t,688000.0,12/08/2017,2.0,1.0,240.0,69.0,-38.00013,145.14673
ID892671867,155 Dendy St,3,h,1400000.0,19/11/2016,2.0,2.0,486.0,19.0,-37.9213,145.0111
ID201243140,10/81 Koornang Rd,2,u,662000.0,17/09/2016,2.0,1.0,0.0,49.0,-37.8873,145.0572
ID230061259,8 Shields St,3,h,560000.0,29/07/2017,2.0,1.0,390.0,12.0,-37.62882000000001,145.00978999999995
ID956806488,39 Moore St,3,h,895000.0,29/04/2017,1.0,2.0,272.0,99.0,-37.7977,144.904
ID845361203,28 Eildon Dr,3,h,745000.0,29/07/2017,1.0,4.0,540.0,39.0,-37.9884,145.15925
ID669568402,46 Coventry Dr,4,h,482500.0,29/07/2017,2.0,0.0,533.0,39.0,-37.893370000000004,144.64003
ID482835108,14 Breadalbane Pl,3,h,1410000.0,20/05/2017,2.0,2.0,315.0,2.0,-37.8496,144.8868
ID598232517,29 Bell St,2,t,1350000.0,8/04/2017,1.0,2.0,6261.0,20.0,-37.799,144.975
ID306466804,33 Walker St,4,h,1400000.0,28/08/2016,2.0,2.0,595.0,119.0,-37.7641,144.9265
ID559565630,2/35 Boisdale St,2,u,825000.0,13/05/2017,1.0,2.0,180.0,49.0,-37.8351,145.10299999999995
ID159396394,60 Wonganella Dr,3,h,680000.0,27/06/2016,1.0,2.0,558.0,39.0,-37.7305,144.8646
ID309862706,118 Somerset St,3,h,1214000.0,6/05/2017,1.0,0.0,176.0,119.0,-37.8162,145.006
ID164210859,79 Chomley St,3,h,1358000.0,10/09/2016,1.0,1.0,189.0,49.0,-37.8561,145.0056
ID337168681,29 Neville St,3,h,1002500.0,26/08/2017,1.0,2.0,560.0,44.0,-37.97738,145.07168000000001
ID474663560,18/408 Lygon St,2,u,400000.0,28/05/2016,1.0,1.0,0.0,79.0,-37.765,144.9731
ID797257433,68 Mawby Rd,3,h,1165000.0,29/04/2017,1.0,2.0,589.0,69.0,-37.9297,145.0563
ID367893120,234 Victoria St,2,h,1026000.0,3/09/2016,1.0,0.0,225.0,114.0,-37.7676,144.9665
ID410376351,5/46 Greeves St,2,u,431000.0,18/06/2016,1.0,1.0,0.0,79.0,-37.8665,144.9833
ID549487950,3/17 Gerald St,2,u,660000.0,17/06/2017,1.0,1.0,109.0,21.0,-37.89578,145.06898999999999
ID949832679,6 Moffatt Cr,3,h,568000.0,23/09/2017,2.0,2.0,700.0,46.0,-37.87695,144.69953
ID354078239,36 Russell St,3,t,1325000.0,3/12/2016,2.0,1.0,302.0,15.0,-37.8289,145.1005
ID628044933,12 Wilfred Rd,2,h,1853000.0,17/06/2017,2.0,2.0,751.0,59.0,-37.775209999999994,145.05426
ID599710678,11 Erinne Ct,5,h,1387000.0,27/05/2017,3.0,3.0,1348.0,14.0,-37.68508,145.1395
ID857478805,65 Fakenham Rd,2,h,1880000.0,3/06/2017,2.0,2.0,627.0,6.0,-37.862359999999995,145.08787
ID903314408,1/77 Lincoln Dr,3,t,745000.0,20/05/2017,2.0,1.0,224.0,54.0,-37.7426,144.868
ID233687093,89 Raglan St,4,h,1502000.0,6/08/2016,1.0,2.0,146.0,139.0,-37.8343,144.9452
ID182795290,12/104 Rowena Pde,1,u,345000.0,7/11/2016,1.0,0.0,0.0,49.0,-37.8211,144.9955
ID684780569,44 William St,5,h,2558000.0,12/08/2017,5.0,2.0,667.0,4.0,-37.88007,145.12328
ID630596969,21/62 Wattletree Rd,2,u,821000.0,12/08/2017,2.0,1.0,3093.0,13.0,-37.86165,145.02148
ID716762892,15 Craig St,3,h,880000.0,10/12/2016,1.0,2.0,584.0,39.0,-37.7435,144.8798
ID319392445,45 Acheron Cr,4,h,850000.0,29/07/2017,2.0,2.0,688.0,14.0,-37.703379999999996,145.1333
ID161093017,32 Killara St,3,h,716000.0,6/05/2017,1.0,1.0,534.0,44.0,-37.7886,144.821
ID316577101,11 Commercial Rd,3,h,930000.0,8/10/2016,1.0,3.0,413.0,69.0,-37.7931,144.893
ID596434001,11 Houston Ct,3,h,892000.0,28/08/2016,1.0,2.0,715.0,5.0,-37.8239,144.8431
ID945229401,42 Junction Rd,6,h,1200000.0,15/07/2017,2.0,2.0,675.0,69.0,-37.807159999999996,145.16504
ID894737994,9/18 Kensington Rd,2,u,693000.0,15/10/2016,1.0,1.0,2122.0,59.0,-37.8383,145.0014
ID393613629,31 Cobden St,3,h,1425000.0,3/09/2017,1.0,3.0,163.0,139.0,-37.804520000000004,144.95718
ID496231921,10 Hastings Ct,3,h,600000.0,16/09/2017,1.0,2.0,555.0,99.0,-37.64417,145.04043000000001
ID508177659,10A Hartley St,3,t,3275000.0,24/06/2017,2.0,3.0,289.0,28.0,-37.92576,144.99233
ID765104778,32a Argyle St,3,t,920000.0,16/04/2016,2.0,1.0,343.0,15.0,-37.9112,145.0738
ID630274331,11 Kerferd St,3,h,1610000.0,18/06/2016,1.0,2.0,569.0,69.0,-37.9419,145.01
ID459352564,347 Mascoma St,4,h,800000.0,18/06/2016,2.0,4.0,556.0,53.0,-37.715,144.8966
ID615776878,23 Overland Dr,4,h,1208000.0,17/06/2017,2.0,2.0,785.0,44.0,-37.86343,145.18542
ID901553011,1/9 Howe St,2,u,770000.0,13/05/2017,1.0,3.0,194.0,79.0,-37.8953,145.0731
ID956394536,301/84 Altona St,2,u,425000.0,27/11/2016,1.0,1.0,0.0,13.0,-37.7966,144.9254
ID723841350,5 Grainger Ct,3,h,1001000.0,29/07/2017,1.0,2.0,727.0,49.0,-37.9128,145.16152
ID951032841,163 Spring St,4,h,790000.0,23/04/2016,2.0,2.0,1090.0,5.0,-37.7243,145.0014
ID604986696,291 George St,2,h,1460000.0,12/11/2016,1.0,0.0,0.0,129.0,-37.8006,144.9814
ID990787112,2/13 Radio St,2,t,600000.0,28/08/2016,2.0,1.0,145.0,7.0,-37.7801,144.869
ID716207992,3 Churchill Gr,3,h,2402500.0,27/05/2017,2.0,2.0,273.0,119.0,-37.81625,145.03789
ID585984374,61 Molden St,3,t,860000.0,26/07/2016,2.0,1.0,210.0,14.0,-37.9075,145.061
ID898221770,6/219 Burke Rd,1,u,328000.0,18/03/2017,1.0,0.0,0.0,20.0,-37.8588,145.0512
ID871711491,117 Francis St,4,h,660000.0,16/04/2016,1.0,2.0,360.0,109.0,-37.8212,144.8887
ID191998310,5/82 Gooch St,2,u,432500.0,27/06/2016,1.0,1.0,748.0,54.0,-37.7587,145.0064
ID216876618,15 Charlton Pl,3,h,632500.0,24/06/2017,1.0,2.0,536.0,24.0,-37.67669,144.99197
ID638952355,13/11 Nicholson St,3,t,900000.0,18/03/2017,2.0,2.0,0.0,9.0,-37.8093,144.9959
ID338792798,9 Mountain St,6,h,1800000.0,27/06/2016,2.0,2.0,870.0,119.0,-37.7517,144.9018
ID253830112,27 Middle St,3,h,730000.0,10/12/2016,1.0,2.0,570.0,49.0,-37.7106,144.9491
ID780599682,14 Clarence St,2,h,1000000.0,8/07/2017,1.0,0.0,132.0,8.0,-37.78696,144.92556000000005
ID851088186,19 Murumba Dr,3,h,1150000.0,8/07/2017,1.0,2.0,509.0,13.0,-37.9237,145.09211000000005
ID265625661,76 Argyle St,3,h,1550000.0,8/10/2016,2.0,3.0,477.0,5.0,-37.7661,144.9076
ID977703500,24 Home St,4,h,1162000.0,27/11/2016,3.0,4.0,695.0,59.0,-37.7264,145.0198
ID350449135,49 Glenview Rd,4,h,1265000.0,7/05/2016,1.0,1.0,649.0,69.0,-37.7367,144.9204
ID290814192,17/39 Dorcas St,1,h,407500.0,17/06/2017,1.0,1.0,0.0,19.0,-37.830870000000004,144.96864
ID184676951,2/10 Pridham St,3,t,940000.0,12/08/2017,2.0,2.0,366.0,7.0,-37.7816,144.88998999999995
ID733533171,64 Malpas St,4,h,1082000.0,4/03/2017,2.0,3.0,534.0,69.0,-37.7339,145.0189
ID535176177,12 Gordon Ct,3,h,1450000.0,12/08/2017,2.0,2.0,1555.0,79.0,-37.8357,145.22564
ID669581858,30 Warner St,3,h,2020000.0,12/08/2017,2.0,2.0,400.0,12.0,-37.85183,145.03863
ID592014122,6 Willard Ct,4,h,660000.0,15/07/2017,2.0,3.0,578.0,44.0,-37.66225,145.0116
ID940931530,217 Stewart St,3,t,892000.0,30/07/2016,2.0,1.0,0.0,24.0,-37.7655,144.9816
ID544250568,11/56 Darling St,1,u,687000.0,30/07/2016,1.0,2.0,0.0,8.0,-37.8352,144.9922
ID977205341,23 Glengala Rd,3,h,547500.0,18/06/2016,1.0,2.0,603.0,69.0,-37.7891,144.82299999999995
ID951346611,41 Shrewsbury St,4,h,1595000.0,19/08/2017,1.0,2.0,581.0,59.0,-37.91291,145.05996000000005
ID712331978,25 Springhill Dr,3,h,555000.0,12/08/2017,2.0,2.0,581.0,5.0,-38.08632,145.28343
ID994456674,39 First Av,3,h,412250.0,22/07/2017,1.0,2.0,592.0,34.0,-37.700559999999996,144.57125
ID369928639,2/43 Roxburgh St,2,u,455000.0,3/09/2016,1.0,2.0,0.0,39.0,-37.7756,144.9165
ID580886165,18 Achilles St,2,h,415000.0,28/05/2016,1.0,1.0,422.0,59.0,-37.7343,145.04399999999995
ID744152481,10 Wickham Rd,4,h,1125000.0,23/09/2017,1.0,1.0,700.0,69.0,-37.94312,145.0244
ID402040879,410/54 Nott St,2,u,520000.0,22/05/2016,1.0,1.0,0.0,14.0,-37.8407,144.9389
ID983156907,65 Westgarth St,3,h,1415000.0,1/07/2017,1.0,1.0,366.0,8.0,-37.78103,144.998
ID755304530,31 Prentice St,3,h,1450000.0,19/11/2016,1.0,2.0,351.0,104.0,-37.8832,145.0133
ID316577101,11 Commercial Rd,3,h,930000.0,8/10/2016,1.0,3.0,413.0,69.0,-37.7931,144.893
ID689369622,63 Beauford St,4,h,1190000.0,26/08/2017,2.0,2.0,600.0,34.0,-37.9089,145.11236
ID763835292,1/2 Condah Ct,3,h,855000.0,25/02/2017,2.0,1.0,320.0,61.0,-37.87,145.1103
ID767592892,51 Dent St,4,h,2020000.0,10/09/2016,2.0,2.0,630.0,10.0,-37.8667,145.0752
ID867175318,44 Beatty St,5,h,1730000.0,17/09/2016,2.0,2.0,689.0,12.0,-37.7591,145.04
ID693339151,53 John St,2,t,640000.0,28/08/2016,1.0,1.0,0.0,139.0,-37.7873,144.9961
ID679283900,102 Graham St,3,h,2155000.0,8/04/2017,2.0,0.0,130.0,131.0,-37.8453,144.94899999999996
ID948543154,1/29 Atkinson St,3,t,905000.0,20/05/2017,1.0,2.0,418.0,64.0,-37.885999999999996,145.096
ID273825963,45 Radio St,3,h,695000.0,15/10/2016,1.0,2.0,214.0,12.0,-37.7798,144.8661
ID754633982,42 Maud St,3,h,1480000.0,15/10/2016,1.0,4.0,605.0,69.0,-37.7951,145.0696
ID784924887,105/459 Royal Pde,1,u,485000.0,15/10/2016,1.0,1.0,0.0,144.0,-37.7823,144.9593
ID236572450,13 Pixel Cct,3,h,625000.0,10/09/2016,1.0,2.0,104.0,5.0,-37.7307,144.9826
ID838724103,2/42 Gowrie St,3,h,930000.0,27/11/2016,2.0,2.0,258.0,12.0,-37.9162,145.0799
ID206357447,28 Gish Ct,4,h,815000.0,25/02/2017,2.0,2.0,672.0,69.0,-37.7083,144.9495
ID132699431,330 Balaclava Rd,4,h,1300000.0,20/05/2017,1.0,1.0,443.0,54.0,-37.8738,145.0349
ID443816993,5 Charles St,4,h,705000.0,25/02/2017,2.0,1.0,570.0,79.0,-37.7749,144.8329
ID463950571,117A Vincent St,2,t,790000.0,17/06/2017,2.0,1.0,208.0,9.0,-37.71679,144.90901000000005
ID802079839,43 Pascoe St,3,h,1780000.0,4/03/2017,1.0,2.0,627.0,59.0,-37.8599,145.0898
ID882887782,4 Merrill Cr,3,h,790000.0,3/09/2017,2.0,2.0,659.0,32.0,-37.77473,145.26256
ID338982893,2 Louise Ct,3,h,1030000.0,17/09/2016,1.0,1.0,827.0,59.0,-37.7848,145.1029
ID837855879,5a Cavalier St,3,t,965000.0,24/09/2016,2.0,1.0,283.0,9.0,-37.9142,145.08
ID850895309,15 Rose St,2,h,1550000.0,17/06/2017,1.0,0.0,212.0,84.0,-37.85068,145.01578999999995
ID885965676,3/25 Thomas St,2,u,692500.0,3/09/2017,1.0,1.0,145.0,49.0,-37.84197,145.09374
ID563642118,8 Ila St,3,h,901000.0,20/05/2017,1.0,2.0,702.0,69.0,-37.709,144.9368
ID245228443,4/58 Grey St,2,u,580000.0,16/04/2016,1.0,0.0,0.0,89.0,-37.8617,144.9796
ID915037044,164 Cecil St,3,h,2075000.0,27/11/2016,2.0,0.0,141.0,129.0,-37.8333,144.9576
ID264285621,32 Allendale Rd,3,h,877500.0,3/06/2017,2.0,1.0,979.0,7.0,-37.7917,145.29665
ID784003639,2/29 St Elmo Rd,1,u,385000.0,30/07/2016,1.0,1.0,0.0,49.0,-37.7638,145.0458
ID304290424,8/99 Osborne St,1,u,409000.0,7/05/2016,1.0,1.0,0.0,49.0,-37.8414,144.991
ID473787390,122 Altona St,3,h,846000.0,16/09/2017,2.0,2.0,605.0,129.0,-37.745909999999995,145.04449
ID470874720,28 Beryl Av,4,h,1450000.0,23/09/2017,2.0,2.0,771.0,49.0,-37.9212,145.09125
ID777907604,50 Ross St,4,h,1145000.0,17/06/2017,1.0,2.0,603.0,59.0,-37.90822,145.11146000000005
ID340432966,2 Hazel Gr,2,h,915000.0,10/12/2016,1.0,3.0,629.0,44.0,-37.7312,144.9399
ID742286792,9/343 Church St,2,u,715000.0,8/07/2017,1.0,2.0,2427.0,59.0,-37.822759999999995,144.99866
ID948876129,15 Alison St,3,h,600500.0,16/09/2017,1.0,1.0,552.0,19.0,-37.683659999999996,145.02783
ID493591126,110 Chapel Rd,3,h,1072000.0,26/08/2017,1.0,3.0,585.0,69.0,-37.93557,145.04918999999995
ID591047276,1/17 Tennyson St,2,u,700000.0,8/10/2016,1.0,1.0,0.0,67.0,-37.9225,144.9891
ID402025895,13 Baily St,4,h,1387000.0,24/06/2017,2.0,4.0,691.0,823.0,-37.86827,145.1452
ID402040879,410/54 Nott St,2,u,520000.0,22/05/2016,1.0,1.0,0.0,14.0,-37.8407,144.9389
ID933421948,1 Reilly Pl,3,h,1720000.0,8/07/2017,2.0,2.0,81.0,21.0,-37.83631,144.95536
ID505371265,89 Radnor St,3,h,1987000.0,4/06/2016,2.0,2.0,706.0,59.0,-37.8457,145.0611
ID188856777,4/23 Carmen St,3,h,740000.0,15/07/2017,1.0,2.0,204.0,29.0,-37.84234,144.86622
ID327148629,40b Drysdale St,3,t,620500.0,7/05/2016,2.0,1.0,158.0,8.0,-37.7293,145.0216
ID570609084,15 Ferncroft Dr,4,h,600000.0,1/07/2017,2.0,2.0,505.0,10.0,-37.61957,145.0948
ID611321690,73/145 Canterbury Rd,1,u,247500.0,22/04/2017,1.0,1.0,0.0,49.0,-37.8421,145.0104
ID114818217,8 Jerrold St,2,h,752000.0,7/05/2016,1.0,0.0,215.0,109.0,-37.7922,144.891
ID212651767,12 Coolabah Dr,4,h,840000.0,17/06/2017,3.0,2.0,903.0,49.0,-37.7018,145.15628999999996
ID619560132,2/15 Melbourne St,2,u,603000.0,26/07/2016,1.0,1.0,102.0,59.0,-37.8894,145.0679
ID764465824,11 Pacific Pl,3,h,695000.0,3/06/2017,2.0,2.0,665.0,29.0,-37.69408,144.77861000000001
ID372872617,7/25 Kingsley St,2,u,582500.0,26/07/2016,1.0,1.0,0.0,49.0,-37.8895,144.9902
ID237127032,2 Hope St,3,h,1080000.0,10/12/2016,2.0,1.0,369.0,64.0,-37.7389,144.9821
ID473959574,29 Rosamond Rd,3,h,725000.0,7/11/2016,1.0,2.0,305.0,59.0,-37.7858,144.8834
ID951466819,197A Jasper Rd,3,t,1375000.0,20/05/2017,3.0,2.0,338.0,7.0,-37.9166,145.0418
ID400095725,7 Orrong Av,3,h,1010000.0,9/09/2017,2.0,2.0,306.0,49.0,-38.1386,145.12142
ID773886858,4/97 Hawdon St,4,u,830000.0,24/09/2016,2.0,2.0,1180.0,9.0,-37.7551,145.0646
ID432644215,21 Beatrice St,3,h,1665000.0,27/06/2016,1.0,2.0,685.0,78.0,-37.8538,145.0842
ID908890116,1509/152 Sturt St,2,u,569000.0,11/03/2017,2.0,1.0,3878.0,7.0,-37.8255,144.9665
ID859357540,53 Market St,3,h,1070000.0,6/05/2017,1.0,2.0,363.0,54.0,-37.7445,144.9054
ID592014122,6 Willard Ct,4,h,660000.0,15/07/2017,2.0,3.0,578.0,44.0,-37.66225,145.0116
ID563642118,8 Ila St,3,h,901000.0,20/05/2017,1.0,2.0,702.0,69.0,-37.709,144.9368
ID277363165,56 Chapel Rd,4,h,921000.0,26/07/2016,1.0,2.0,592.0,29.0,-37.9407,145.0482
ID958131463,21 Grandview Tce,4,h,1800000.0,17/09/2016,2.0,2.0,586.0,79.0,-37.7933,145.0343
ID971066946,23 Wheatley Av,3,h,515000.0,3/09/2017,2.0,2.0,532.0,19.0,-37.62554,144.92006
ID443220792,2 Riley Ct,4,h,850000.0,8/10/2016,2.0,2.0,606.0,17.0,-37.788000000000004,144.862
ID857516865,641 Inkerman Rd,2,h,1417500.0,27/05/2017,1.0,2.0,307.0,119.0,-37.86906,145.01986000000005
ID439308155,509 Boronia Rd,4,h,1214000.0,15/07/2017,1.0,2.0,734.0,59.0,-37.852090000000004,145.24268
ID584065230,99 Patterson Rd,4,h,1380000.0,27/11/2016,1.0,2.0,580.0,9.0,-37.9263,145.0422
ID408345543,3 Horton St,3,h,760000.0,13/05/2017,2.0,2.0,567.0,69.0,-37.7236,144.9876
ID698744399,30 Barkly St,3,h,2100000.0,4/06/2016,2.0,2.0,463.0,49.0,-37.9082,144.9968
ID348670714,4/161 Victoria Rd,2,u,680000.0,13/08/2016,1.0,1.0,0.0,74.0,-37.8233,145.0575
ID177778770,14 Beths St,4,h,2700000.0,17/06/2017,4.0,2.0,673.0,84.0,-37.91888,145.04775
ID621051938,38 Fairview Av,3,h,1201000.0,16/09/2017,2.0,3.0,638.0,59.0,-37.955690000000004,145.06588
ID616361942,1/65 Thackeray Rd,2,u,470000.0,24/06/2017,1.0,1.0,73.0,69.0,-37.72128,145.00995
ID883621313,34 Princess St,3,h,1126000.0,18/03/2017,1.0,0.0,357.0,119.0,-37.8103,144.8962
ID260054994,1/7 Westwood Dr,3,u,812500.0,19/11/2016,1.0,1.0,421.0,34.0,-37.7798,145.1023
ID161131766,18a Creswell Av,3,u,700000.0,12/08/2017,2.0,1.0,239.0,139.0,-37.733509999999995,144.88748999999999
ID456088074,9 Young St,4,h,1495000.0,9/09/2017,2.0,1.0,581.0,69.0,-37.907059999999994,145.09524
ID642000844,7 Barrington Dr,4,h,1540000.0,29/07/2017,2.0,3.0,668.0,49.0,-37.86096,145.10026000000005
ID471599816,2/61 Moonya Rd,2,h,675000.0,16/04/2016,1.0,1.0,0.0,51.0,-37.8973,145.0625
ID864098155,1/112 Roslyn St,2,u,1300000.0,4/03/2017,2.0,2.0,329.0,79.0,-37.9172,145.004
ID367656447,8 Vickery St,5,h,1900000.0,24/06/2017,1.0,2.0,644.0,59.0,-37.91753,145.03907
ID740742591,67 Oak Av,3,h,1095000.0,12/08/2017,2.0,1.0,637.0,69.0,-37.9746,145.07207
ID318010741,6/115 Brighton Rd,2,u,730000.0,27/11/2016,1.0,1.0,0.0,79.0,-37.874,144.9903
ID123652061,1B Ogilvie St,3,h,886000.0,27/05/2017,2.0,1.0,173.0,12.0,-37.75382000000001,144.89167
ID611970595,5 Bischoff St,2,h,900000.0,25/02/2017,1.0,1.0,529.0,71.0,-37.7427,144.9868
ID627215610,8 Meakin St,3,h,705000.0,27/05/2017,1.0,1.0,538.0,59.0,-37.70178,145.0851
ID802969666,64 Pearson St,3,h,955000.0,7/05/2016,1.0,0.0,220.0,89.0,-37.7659,144.9494
ID307707464,3/136 New St,3,u,1392000.0,13/05/2017,2.0,1.0,188.0,49.0,-37.9181,144.9933
ID753626521,97 Military Rd,3,h,627500.0,8/10/2016,1.0,1.0,550.0,49.0,-37.7632,144.8622
ID438690766,10/76 Oxford St,2,u,683000.0,17/09/2016,1.0,1.0,0.0,119.0,-37.8035,144.985
ID132900312,1/1 Danae St,3,t,460000.0,12/11/2016,1.0,1.0,325.0,49.0,-37.7001,144.9291
ID622974647,53 Wingrove St,4,h,1160000.0,23/09/2017,2.0,2.0,585.0,39.0,-37.95272,145.06573
ID513779055,4/27 Roseberry St,2,u,440000.0,19/11/2016,1.0,1.0,0.0,49.0,-37.7749,144.9137
ID458464499,252 Yallambie Rd,3,h,720000.0,24/09/2016,2.0,4.0,535.0,59.0,-37.7225,145.1037
ID689997976,5/25 Ridley St,2,u,190000.0,30/07/2016,1.0,1.0,0.0,99.0,-37.7839,144.8239
ID669568402,46 Coventry Dr,4,h,482500.0,29/07/2017,2.0,0.0,533.0,39.0,-37.893370000000004,144.64003
ID915264823,5/66 Woornack Rd,1,u,363000.0,4/06/2016,1.0,1.0,0.0,59.0,-37.8982,145.0625
ID485190733,33 Jane St,3,h,620000.0,29/07/2017,1.0,2.0,792.0,49.0,-38.03517,145.33886
ID450190406,10/7 Barnsbury Rd,2,u,613000.0,15/10/2016,1.0,1.0,0.0,49.0,-37.845,145.0012
ID354440565,9/12 Bartlett St,2,u,400000.0,4/03/2017,1.0,1.0,0.0,59.0,-37.9367,145.0322
ID842033816,28 Brinsley Rd,4,h,2650000.0,3/09/2016,2.0,1.0,652.0,129.0,-37.8286,145.0686
ID420567686,26 Kirkwood Av,5,h,3350000.0,12/08/2017,4.0,4.0,700.0,44.0,-37.95762,145.01418
ID420114839,43 Woodside St,2,h,1802500.0,8/04/2017,2.0,1.0,182.0,139.0,-37.7843,144.9902
ID615638949,6 Nolan Cl,4,h,1650000.0,24/06/2017,2.0,2.0,1250.0,59.0,-37.84825,145.18764
ID385407879,5 Ventnor St,3,h,1123000.0,22/08/2016,1.0,2.0,504.0,69.0,-37.7476,144.9842
ID702878267,5 Wattle Gr,3,h,1855000.0,22/08/2016,1.0,1.0,304.0,119.0,-37.8253,145.0287
ID119840580,1 Wildoer Dr,3,h,951000.0,12/08/2017,2.0,2.0,553.0,79.0,-38.02608,145.12784
ID887554824,9 Coltain St,4,h,950000.0,12/08/2017,2.0,2.0,660.0,41.0,-37.84902,145.18276
ID247555600,58 Cassels Rd,3,h,860000.0,22/08/2016,1.0,1.0,184.0,129.0,-37.7563,144.96
ID365265406,12 Orion Ct,3,h,912000.0,16/09/2017,2.0,1.0,753.0,49.0,-37.9213,145.16366000000005
ID653470846,40/122 High St,3,u,550000.0,27/05/2017,2.0,1.0,0.0,7.0,-37.74762,145.00261
ID989836242,18 Yvette Dr,3,h,860000.0,8/07/2017,2.0,2.0,537.0,18.0,-37.92778,145.24796
ID883671416,5 Saunders St,4,h,1150000.0,28/05/2016,1.0,2.0,633.0,29.0,-37.7531,144.9504
ID703444259,146 Dow St,5,h,2350000.0,15/10/2016,1.0,2.0,350.0,129.0,-37.8407,144.9424
ID214164503,1/50 Valiant St,4,t,1525000.0,12/08/2017,2.0,2.0,102.0,139.0,-37.801159999999996,145.00066
ID915248862,14 Moore St,2,h,1214000.0,8/04/2017,1.0,0.0,161.0,119.0,-37.8454,144.9891
ID339668187,17 Winton Rd,4,h,1465000.0,29/04/2017,2.0,2.0,559.0,39.0,-37.87300000000001,145.0665
ID230444708,6 Alandale St,3,h,1150000.0,17/09/2016,2.0,1.0,247.0,14.0,-37.836,145.1046
ID142246645,45 Kennedy St,3,h,1750000.0,16/09/2017,1.0,0.0,727.0,46.0,-37.8763,145.17166
ID384363954,12/219 Williams Rd,1,u,310000.0,12/11/2016,1.0,1.0,0.0,69.0,-37.8444,145.0037
ID247222031,109/14 Elizabeth St,2,u,650000.0,18/06/2016,2.0,1.0,0.0,17.0,-37.8514,145.0361
ID719721184,8/131 Grange Rd,1,u,260000.0,13/05/2017,1.0,1.0,1162.0,54.0,-37.8911,145.0451
ID308499316,2/15 Edgar St,2,u,440000.0,15/10/2016,1.0,1.0,117.0,11.0,-37.8083,144.8775
ID587007131,1/80 Delaware St,2,t,615000.0,20/05/2017,1.0,1.0,202.0,12.0,-37.7199,145.0091
ID216400741,44 Everard St,4,h,787500.0,27/06/2016,2.0,2.0,650.0,64.0,-37.7004,144.9411
ID436687606,50 Milleara Rd,3,h,850000.0,12/08/2017,1.0,1.0,597.0,69.0,-37.73305,144.86526
ID136812047,44 Alexander St,2,h,1085000.0,17/06/2017,1.0,3.0,780.0,29.0,-37.76654,144.86469
ID783863692,12 Hornsby St,4,h,2300000.0,4/06/2016,2.0,2.0,599.0,42.0,-37.8493,145.0395
ID385361315,11 Cromer Pl,4,h,705000.0,15/07/2017,2.0,3.0,815.0,19.0,-37.71757,144.81328
ID826670470,3/37 Atkins St,2,t,672000.0,17/09/2016,1.0,1.0,0.0,39.0,-37.8094,145.0446
ID179577703,127A Parer Rd,3,t,856000.0,27/05/2017,2.0,1.0,300.0,8.0,-37.71917,144.87819
ID808606804,34 Ayr St,3,h,826000.0,28/08/2016,1.0,4.0,192.0,49.0,-37.7837,145.1027
ID419385652,4/41 Shelley St,2,u,765000.0,16/04/2016,1.0,0.0,0.0,79.0,-37.8809,144.9833
ID251203818,208 Booran Rd,3,h,1401000.0,3/12/2016,2.0,2.0,650.0,69.0,-37.8986,145.0359
ID660712853,23a Farm St,3,h,1025000.0,3/09/2016,2.0,2.0,301.0,4.0,-37.842,144.8902
ID277538560,10 Campbell St,2,h,1275000.0,17/06/2017,1.0,1.0,110.0,129.0,-37.82324000000001,145.01331000000005
ID458350226,14/82 Coorigil Rd,2,u,370000.0,26/07/2016,1.0,1.0,0.0,69.0,-37.8959,145.0639
ID862235845,5 Berenice Tce,4,h,4000000.0,10/09/2016,2.0,2.0,632.0,49.0,-37.8338,145.0086
ID319515413,18 Melrose St,2,h,1010000.0,19/11/2016,2.0,0.0,109.0,119.0,-37.795,144.942
ID345655037,141 Pearson St,4,h,1205000.0,29/04/2017,2.0,2.0,518.0,39.0,-37.7606,144.9499
ID908638450,37 Grosvenor St,3,h,1810000.0,18/06/2016,1.0,1.0,211.0,113.0,-37.8442,144.9928
ID515756669,55 Livingstone St,4,h,1650000.0,8/04/2017,2.0,1.0,589.0,109.0,-37.7671,145.037
ID437708595,14 Jenkins St,3,h,1400000.0,28/08/2016,1.0,2.0,582.0,87.0,-37.7651,145.0062
ID213915275,62 Staughton Rd,4,h,1998000.0,3/12/2016,2.0,1.0,739.0,17.0,-37.8513,145.0601
ID720721071,28 Cambridge St,3,h,1870000.0,4/03/2017,1.0,1.0,217.0,131.0,-37.8592,145.0182
ID882265400,21 Ruthven St,3,h,1050000.0,7/05/2016,1.0,2.0,1016.0,69.0,-37.7299,145.0656
ID245553055,75 Cecil St,3,h,1050000.0,29/07/2017,1.0,0.0,179.0,129.0,-37.86558,144.90474
ID422172146,2/62 Cunningham St,1,u,385000.0,10/12/2016,1.0,0.0,0.0,49.0,-37.7827,144.9999
ID184676951,2/10 Pridham St,3,t,940000.0,12/08/2017,2.0,2.0,366.0,7.0,-37.7816,144.88998999999995
ID996314471,37 Grange Dr,4,h,810000.0,22/07/2017,2.0,2.0,639.0,14.0,-37.63947,145.08562
ID990787112,2/13 Radio St,2,t,600000.0,28/08/2016,2.0,1.0,145.0,7.0,-37.7801,144.869
ID630979311,7 High St,3,h,780000.0,4/03/2017,1.0,0.0,486.0,76.0,-37.7886,144.8438
ID222654670,74 Oxford St,4,h,1650000.0,22/04/2017,1.0,4.0,837.0,89.0,-37.836999999999996,144.8772
ID663110407,61 Soudan St,3,h,1157000.0,3/06/2017,1.0,1.0,480.0,89.0,-37.73894,144.95067
ID382609180,120 Victoria St,3,h,1325000.0,27/11/2016,2.0,2.0,190.0,79.0,-37.7684,144.9739
ID523738373,1 Victoria St,2,h,592000.0,3/09/2016,1.0,2.0,577.0,119.0,-37.7137,144.9167
ID867440125,175 Douglas Pde,3,h,1360000.0,22/05/2016,1.0,1.0,477.0,89.0,-37.8516,144.8949
ID383992612,14 Carson St,3,h,2600000.0,23/09/2017,1.0,2.0,780.0,99.0,-37.80969,145.01967
ID883547167,5/94 Beach Rd,2,u,525000.0,17/06/2017,1.0,1.0,723.0,39.0,-37.991209999999995,145.06458
ID920066997,14 Venetian Ct,3,h,858000.0,16/09/2017,1.0,2.0,857.0,59.0,-37.802440000000004,145.29711
ID391233626,509/30 Wreckyn St,2,u,620000.0,19/11/2016,1.0,2.0,0.0,15.0,-37.8004,144.9544
ID369624925,4 Lord St,3,h,585000.0,6/08/2016,1.0,1.0,605.0,59.0,-37.6985,144.9615
ID266821667,34 Clee St,4,h,1680000.0,3/06/2017,2.0,2.0,568.0,12.0,-37.90688,145.02827
ID464098875,17 Roberts St,2,h,1220000.0,29/07/2017,1.0,1.0,459.0,11.0,-37.76695,144.98203999999996
ID957080654,8/9 The Avenue,1,u,410000.0,8/07/2017,1.0,1.0,0.0,59.0,-37.85687,144.99748
ID345085781,48 Majestic Bvd,5,h,720008.0,26/08/2017,3.0,2.0,528.0,13.0,-38.08902,145.29006
ID205611374,45 Muriel St,3,h,1230000.0,12/08/2017,2.0,1.0,324.0,3.0,-37.7431,144.88721999999999
ID884659530,190 Gore St,2,h,1440000.0,17/09/2016,1.0,0.0,95.0,129.0,-37.8032,144.9825
ID173782964,8/27 Kensington Rd,2,u,613000.0,26/07/2016,1.0,1.0,0.0,109.0,-37.838,145.0011
ID113008597,198 Poath Rd,3,h,1250000.0,27/05/2017,1.0,2.0,603.0,19.0,-37.901920000000004,145.0756
ID730768908,8 Haines St,3,h,1340000.0,4/03/2017,1.0,0.0,83.0,39.0,-37.7987,144.9497
ID550839109,8 Bowmore St,4,h,1745000.0,10/12/2016,2.0,1.0,547.0,94.0,-37.9002,145.0768
ID815361417,44 Richards Rd,4,h,735000.0,8/07/2017,2.0,2.0,846.0,39.0,-37.810179999999995,145.35396
ID916921207,141 Richardson St,3,h,1910000.0,28/08/2016,1.0,3.0,217.0,119.0,-37.8474,144.9582
ID345821856,10/117 Albert St,2,u,355000.0,24/09/2016,1.0,1.0,0.0,44.0,-37.8066,144.8971
ID731841080,19 Tuppal Pl,4,h,885000.0,29/04/2017,2.0,2.0,814.0,54.0,-37.7317,144.8619
ID298585300,1/14 Newton St,3,t,680000.0,29/04/2017,2.0,2.0,243.0,5.0,-37.7116,144.9357
ID257086538,48 Fitzgerald Rd,3,h,900000.0,3/06/2017,1.0,1.0,324.0,3.0,-37.7525,144.90417
ID923891952,287 Tyler St,3,h,1650000.0,10/12/2016,1.0,2.0,452.0,129.0,-37.7307,145.0094
ID159659567,14/200 Bay St,1,u,400000.0,28/05/2016,1.0,1.0,0.0,19.0,-37.8392,144.9421
ID589039547,311/13 Wellington St,2,u,470000.0,26/07/2016,1.0,1.0,0.0,139.0,-37.8562,144.9844
ID649345737,117A Willsmere Rd,3,h,1110000.0,27/05/2017,2.0,2.0,200.0,24.0,-37.7948,145.0364
ID192385554,11 Henderson St,4,h,1500000.0,12/08/2017,2.0,3.0,444.0,22.0,-37.7628,144.94011
ID936955105,6 Virtue Wy,4,h,595000.0,22/07/2017,2.0,2.0,420.0,4.0,-37.59386,144.90008999999995
ID406601988,2/8 Hughes St,2,h,630000.0,8/10/2016,1.0,1.0,148.0,16.0,-37.821999999999996,144.89
ID167896517,9 Banks Pl,3,h,742000.0,26/08/2017,2.0,2.0,375.0,44.0,-37.68415,144.8999
ID558196473,30 Pinrush Rd,4,h,456000.0,29/07/2017,2.0,2.0,576.0,9.0,-37.69104,144.54532
ID743538433,11/274 Domain Rd,2,u,621500.0,27/11/2016,1.0,1.0,0.0,49.0,-37.835,144.9905
ID160090770,5 Warren St,5,h,1322000.0,24/09/2016,1.0,0.0,729.0,44.0,-37.7932,145.1123
ID364822915,3/7 Violet St,2,u,390000.0,18/06/2016,1.0,1.0,0.0,49.0,-37.7554,144.9127
ID602008819,15 Dowding Cl,3,h,480000.0,28/05/2016,2.0,2.0,305.0,4.0,-37.6972,144.9634
ID968648629,18/703 Orrong Rd,2,u,1100000.0,15/10/2016,2.0,2.0,0.0,5.0,-37.8414,145.0137
ID411607610,1/177 Oakleigh Rd,2,u,586000.0,4/03/2017,1.0,1.0,898.0,49.0,-37.9003,145.0634
ID171962251,92 Speight St,2,h,970000.0,12/06/2016,1.0,3.0,491.0,119.0,-37.7633,145.0169
ID850859354,204/300 Swanston St,2,u,640000.0,22/04/2017,1.0,1.0,0.0,14.0,-37.8106,144.9646
ID703330179,395 Mitcham Rd,2,h,890000.0,24/06/2017,2.0,1.0,370.0,34.0,-37.82047,145.19421
ID849133041,63 Liddiard St,4,h,2900000.0,1/07/2017,1.0,3.0,636.0,129.0,-37.819309999999994,145.04107
ID284650298,2/43 Ulupna Rd,2,h,810000.0,12/11/2016,1.0,1.0,210.0,23.0,-37.9001,145.0428
ID883058311,192 Tucker Rd,4,h,2151000.0,9/09/2017,3.0,2.0,811.0,44.0,-37.91637,145.05177
ID238590030,38 Belmore Rd,4,h,1475000.0,1/07/2017,3.0,5.0,380.0,59.0,-37.801559999999995,145.06715
ID270945116,2/52 Walter St,3,u,500000.0,17/06/2017,1.0,1.0,388.0,27.0,-37.731629999999996,144.80697
ID385483094,267 Yallambie Rd,3,h,753000.0,11/02/2017,2.0,1.0,536.0,44.0,-37.7233,145.1045
ID403936323,3/27 Jessie St,2,u,656000.0,10/12/2016,1.0,1.0,205.0,44.0,-37.7413,144.9939
ID136812047,44 Alexander St,2,h,1085000.0,17/06/2017,1.0,3.0,780.0,29.0,-37.76654,144.86469
ID915264823,5/66 Woornack Rd,1,u,363000.0,4/06/2016,1.0,1.0,0.0,59.0,-37.8982,145.0625
ID633407129,10 Dartford St,3,h,1250000.0,6/05/2017,2.0,2.0,226.0,17.0,-37.7824,144.9243
ID531957999,60 Robert St,4,h,710000.0,29/07/2017,1.0,1.0,627.0,49.0,-37.667809999999996,145.00926
ID567544028,35 Bordeaux St,4,h,1430000.0,10/12/2016,2.0,2.0,655.0,49.0,-37.782,145.1194
ID212934096,1597 Malvern Rd,2,h,1280000.0,16/07/2016,1.0,1.0,412.0,69.0,-37.8541,145.05100000000004
ID246298150,7 Morrow St,3,h,910000.0,22/08/2016,1.0,2.0,717.0,69.0,-37.7525,144.9321
ID817960956,5 Sarong St,3,h,600000.0,4/06/2016,1.0,1.0,605.0,49.0,-37.7166,145.0837
ID513530178,5/11 Bath St,2,u,525000.0,3/06/2017,1.0,1.0,506.0,8.0,-38.05304,145.1151
ID432255722,72 Clarinda Rd,3,h,1420200.0,20/05/2017,2.0,2.0,543.0,89.0,-37.7619,144.9083
ID966798066,8b William St,4,h,1140000.0,4/06/2016,2.0,1.0,318.0,4.0,-37.9443,145.0448
ID823826141,37 Mernda Av,3,h,965000.0,23/09/2017,2.0,2.0,572.0,69.0,-38.068659999999994,145.12677
ID271031099,44 Morley St,4,h,825000.0,30/07/2016,2.0,4.0,768.0,49.0,-37.6979,144.9377
ID675147891,119 Park St,5,h,2300000.0,13/05/2017,2.0,2.0,597.0,89.0,-37.7611,144.9095
ID283839311,1 Howson Ct,4,h,2100000.0,13/05/2017,2.0,5.0,719.0,69.0,-37.812,145.1082
ID132699431,330 Balaclava Rd,4,h,1300000.0,20/05/2017,1.0,1.0,443.0,54.0,-37.8738,145.0349
ID839185370,46 Buckmaster Dr,3,h,775500.0,15/07/2017,1.0,4.0,840.0,39.0,-37.66919,145.06798999999995
ID307181966,14/1737 Malvern Rd,1,u,375000.0,25/02/2017,1.0,1.0,602.0,89.0,-37.8597,145.0571
ID664200402,15 Ada St,4,h,1005800.0,17/06/2017,2.0,2.0,502.0,16.0,-37.92985,145.25184
ID497479246,6 Smith St,4,h,2000000.0,3/09/2016,2.0,4.0,853.0,89.0,-37.7707,145.0318
ID650068781,83 Nimmo St,4,h,1600000.0,19/08/2017,4.0,3.0,543.0,4.0,-37.74633,144.89643999999996
ID428957378,161 Church St,5,h,5800000.0,8/04/2017,4.0,4.0,1276.0,139.0,-37.9164,144.9974
ID212821943,2/1 Lillimur Rd,3,u,960000.0,13/05/2017,2.0,2.0,199.0,24.0,-37.9034,145.0409
ID388222749,13 Hodgson St,3,h,1110000.0,12/11/2016,1.0,2.0,600.0,69.0,-37.751999999999995,145.0722
ID352966786,402/166 Wellington Pde,1,u,503000.0,8/04/2017,1.0,1.0,0.0,89.0,-37.8161,144.9845
ID122430967,32 Kynoch St,4,h,650000.0,24/06/2017,2.0,2.0,709.0,49.0,-37.76336,144.7725
ID291228234,4/176 Ayr St,2,u,782000.0,22/04/2017,1.0,1.0,261.0,35.0,-37.7731,145.1044
ID218338172,15 Carnon St,3,h,895000.0,24/06/2017,2.0,2.0,1036.0,65.0,-37.69538,145.11543
ID682595670,12/26 Lillimur Rd,2,u,440000.0,12/08/2017,1.0,1.0,1100.0,39.0,-37.90188,145.04172
ID978842978,1/355 Alma Rd,2,u,570000.0,28/05/2016,1.0,2.0,0.0,109.0,-37.8652,145.0198
ID213966534,37 Smith Av,3,h,715500.0,22/07/2017,1.0,2.0,685.0,54.0,-37.68107,145.03393
ID801947503,9 Summerhill Rd,3,h,1890000.0,3/06/2017,1.0,2.0,554.0,94.0,-37.84949,145.07726
ID704971174,2 Grevillia Rd,2,h,1000000.0,23/09/2017,1.0,1.0,742.0,23.0,-37.72123,144.92614
ID275495726,18 Raymond St,4,h,621000.0,16/07/2016,1.0,1.0,700.0,69.0,-37.7902,144.8102
ID250083687,6/26 Ruskin St,2,u,500000.0,22/05/2016,1.0,1.0,0.0,49.0,-37.8761,144.9821
ID855193230,8 MacGregor St,4,h,1700000.0,14/05/2016,3.0,2.0,365.0,89.0,-37.8818,145.0548
ID796002389,125 Napier St,2,h,1150000.0,22/04/2017,1.0,1.0,91.0,49.0,-37.836,144.9638
ID950399008,49 Fenwick St,3,h,1680000.0,19/11/2016,2.0,1.0,201.0,14.0,-37.7884,145.0
ID218768609,37 Charles St,3,h,1400000.0,3/06/2017,2.0,0.0,145.0,139.0,-37.84957,144.9889
ID807846368,1 Daisy St,4,h,1400000.0,8/04/2017,2.0,1.0,267.0,54.0,-37.7558,144.9106
ID601249543,23 Neerim St,4,h,426000.0,15/07/2017,2.0,3.0,655.0,44.0,-37.695479999999996,144.56775
ID847330027,19 Reid St,2,h,778000.0,30/07/2016,1.0,1.0,806.0,54.0,-37.9112,145.0873
ID815514157,14A Kernot St,3,h,775000.0,25/02/2017,1.0,1.0,435.0,19.0,-37.8279,144.873
ID942924551,7 Colvin Gr,3,h,1700000.0,6/05/2017,1.0,2.0,338.0,109.0,-37.8139,145.0243
ID780382785,11a Oconnor St,2,h,611000.0,8/10/2016,1.0,2.0,379.0,3.0,-37.7108,145.0048
ID333555976,40 Smith St,2,h,970000.0,9/09/2017,1.0,0.0,82.0,119.0,-37.836059999999996,144.95164
ID458285922,12 Youngman St,2,h,780000.0,8/10/2016,1.0,3.0,475.0,69.0,-37.7351,145.0066
ID964136436,54 Tongue St,4,h,2035000.0,8/04/2017,2.0,0.0,607.0,129.0,-37.8128,144.8905
ID132252286,5/367 Lower Plenty Rd,3,u,440000.0,16/07/2016,1.0,1.0,416.0,44.0,-37.7321,145.0828
ID858067590,16/60 Farnham St,2,u,450000.0,13/05/2017,1.0,1.0,0.0,49.0,-37.7826,144.9311
ID191306677,17 Ardwick St,3,h,1532000.0,9/09/2017,1.0,2.0,628.0,69.0,-37.92716,145.03778
ID211862469,97 Cumberland St,3,h,600000.0,7/05/2016,1.0,3.0,634.0,59.0,-37.7667,144.8445
ID595097915,20 Northam Rd,3,h,1315000.0,3/06/2017,1.0,2.0,617.0,69.0,-37.92284,145.06423
ID730316951,75 Lowson St,3,h,720000.0,1/07/2017,1.0,2.0,603.0,3.0,-37.69863,144.96685
ID630567370,1/27 Maling Rd,4,t,1420000.0,28/08/2016,2.0,2.0,278.0,7.0,-37.8273,145.0752
ID950658524,37 Dunstan Ave,3,h,905000.0,19/08/2017,1.0,1.0,277.0,39.0,-37.7592,144.97321000000005
ID112224283,65 Gatehouse Dr,3,h,852000.0,3/09/2016,1.0,1.0,166.0,19.0,-37.7929,144.9197
ID905372278,4 Frampton St,2,h,1000000.0,23/09/2017,1.0,1.0,106.0,119.0,-37.861909999999995,144.98655
ID349616070,8 Princes St,3,h,1150000.0,8/04/2017,1.0,0.0,308.0,119.0,-37.8526,144.895
ID618126022,19 Warrs Rd,3,h,1105000.0,7/05/2016,1.0,4.0,762.0,69.0,-37.7707,144.8924
ID743869438,3/84 Mill Park Dr,2,t,480750.0,27/05/2017,1.0,1.0,114.0,134.0,-37.677609999999994,145.06132
ID559339746,45 Lenna St,3,h,1320000.0,15/07/2017,1.0,1.0,620.0,51.0,-37.85436,145.13827
ID257203043,42 View St,4,h,2200000.0,13/08/2016,2.0,2.0,931.0,89.0,-37.8226,145.1103
ID808079238,47 Hoddle St,3,h,1085000.0,27/06/2016,1.0,1.0,325.0,119.0,-37.7525,144.9232
ID501304207,93 Williamstown Rd,5,h,1275000.0,18/03/2017,3.0,1.0,386.0,129.0,-37.8078,144.8846
ID977205341,23 Glengala Rd,3,h,547500.0,18/06/2016,1.0,2.0,603.0,69.0,-37.7891,144.82299999999995
ID982414244,28 Frederick St,3,h,1510000.0,25/02/2017,1.0,0.0,325.0,99.0,-37.7621,144.9595
ID720798007,20 Everton Gr,5,h,2630000.0,10/12/2016,3.0,2.0,777.0,94.0,-37.8287,145.1054
ID772645874,33 Rainsford Tce,3,h,445000.0,20/05/2017,1.0,2.0,534.0,6.0,-37.6741,144.9698
ID375212673,3 Sugarloaf Cl,3,h,680000.0,23/09/2017,1.0,1.0,189.0,12.0,-37.85777,145.14009
ID762760339,7 Manly Ct,3,h,700000.0,7/05/2016,1.0,2.0,626.0,69.0,-37.7201,144.9696
ID903242698,144 Cobden St,3,h,1405000.0,4/06/2016,1.0,1.0,181.0,139.0,-37.8365,144.9631
ID388718151,1 Dromana St,3,h,865000.0,27/05/2017,1.0,1.0,746.0,59.0,-37.71051,144.90925
ID984704084,12 Hilda St,4,h,2200000.0,4/03/2017,3.0,2.0,567.0,99.0,-37.8742,145.0614
ID350794105,60 Gibdon St,2,h,1005000.0,3/12/2016,1.0,0.0,0.0,24.0,-37.8301,145.0103
ID716201254,39 William St,3,h,972500.0,3/06/2017,1.0,1.0,448.0,89.0,-37.734429999999996,145.00201
ID685976613,5 Bent St,4,h,1445000.0,7/05/2016,3.0,2.0,384.0,99.0,-37.7617,144.9272
ID614239043,9/285 Barkly St,1,u,470000.0,8/07/2017,1.0,1.0,548.0,10.0,-37.87312,144.97986
ID340628217,3 Myrtle St,4,h,881000.0,13/08/2016,1.0,3.0,468.0,40.0,-37.8559,144.8785
ID565624026,1/121 Thomas St,2,u,878000.0,24/06/2017,1.0,1.0,128.0,52.0,-37.9395,145.01344
ID674836277,55 Burnett St,4,h,1120000.0,16/09/2017,2.0,2.0,981.0,16.0,-37.81188,145.20051999999995
ID467618882,2/116 Summerhill Rd,3,h,540000.0,11/02/2017,2.0,2.0,215.0,16.0,-37.7257,145.0243
ID893585641,5/305 Riversdale Rd,2,u,500000.0,27/05/2017,1.0,1.0,1324.0,49.0,-37.83012,145.04751000000005
ID360324232,147 George St,3,h,833800.0,24/06/2017,1.0,0.0,730.0,39.0,-37.88919,145.21629
ID982585157,17 The Grange,4,h,2250000.0,4/03/2017,1.0,2.0,720.0,49.0,-37.8753,145.0532
ID950963796,1 Gordon Ct,3,h,737000.0,8/10/2016,1.0,4.0,640.0,69.0,-37.6986,144.9243
ID791678130,55 View St,4,h,2000000.0,18/06/2016,2.0,1.0,626.0,90.0,-37.8197,145.1106
ID186623042,160 Overport Rd,3,h,860000.0,24/06/2017,2.0,3.0,4780.0,59.0,-38.18255,145.11986000000005
ID541284350,31 Fenwick St,2,h,1450000.0,18/03/2017,1.0,0.0,156.0,129.0,-37.7892,144.9999
ID239910873,24/294 Nicholson St,2,u,450000.0,6/08/2016,1.0,2.0,0.0,49.0,-37.8087,144.8978
ID112409082,5/6 Tivoli Pl,2,u,863000.0,4/03/2017,2.0,1.0,742.0,69.0,-37.8357,144.9867
ID202064498,15/9 Lisson Gr,2,u,635000.0,8/04/2017,1.0,1.0,2679.0,59.0,-37.8261,145.0269
ID269859715,19 Papworth Pl,3,h,510000.0,29/07/2017,1.0,1.0,670.0,59.0,-37.65168,144.91868
ID867603361,8 Woodland St,3,h,1200000.0,10/09/2016,2.0,2.0,1781.0,69.0,-37.7439,144.9331
ID262738978,103/2 Pier St,2,u,1405000.0,18/06/2016,2.0,1.0,0.0,114.0,-37.84,144.9275
ID152393013,83 Milleara Rd,3,h,875000.0,26/07/2016,2.0,2.0,928.0,49.0,-37.7362,144.8643
ID541044954,470 Brunswick St,2,h,860000.0,3/09/2016,1.0,0.0,104.0,139.0,-37.7927,144.9796
ID322571045,50 Killara St,3,h,690000.0,18/03/2017,1.0,0.0,540.0,52.0,-37.789,144.8195
ID747013911,32 Myrtle St,2,h,1250000.0,13/05/2017,1.0,1.0,168.0,115.0,-37.7914,144.9967
ID747202026,14/25 Derby St,2,u,588000.0,4/06/2016,1.0,1.0,0.0,37.0,-37.8034,145.0369
ID785499294,22 Miami St,3,h,1650000.0,6/08/2016,2.0,2.0,302.0,99.0,-37.8348,145.0453
ID150274427,3/16 Turner St,2,u,550000.0,10/09/2016,1.0,1.0,0.0,29.0,-37.7617,144.9367
ID539148985,8/11 Brentwood St,2,u,360000.0,6/08/2016,1.0,1.0,0.0,54.0,-37.9332,145.045
ID921277386,12 Westwood Dr,3,h,1320000.0,3/06/2017,1.0,3.0,902.0,129.0,-37.78006,145.10169
ID241285590,3/26 Grieve Pde,2,u,510000.0,10/09/2016,1.0,1.0,127.0,29.0,-37.8686,144.8182
ID399017532,2 Scotchmer St,2,h,1210000.0,15/10/2016,1.0,1.0,223.0,134.0,-37.7829,144.9782
ID252040006,5 Edgar St,5,h,1266000.0,3/06/2017,2.0,2.0,601.0,29.0,-37.7296,145.00714
ID111195170,1/28 Nevis St,2,u,700000.0,27/11/2016,1.0,1.0,631.0,49.0,-37.8434,145.08100000000005
ID707327043,23 Hillside Pde,4,h,1908000.0,29/07/2017,1.0,1.0,702.0,9.0,-37.84914000000001,145.06421
ID932893448,2/28 Walsh St,3,t,1715000.0,28/08/2016,2.0,2.0,0.0,49.0,-37.8374,144.9852
ID779708223,149 Spring St,2,h,850000.0,17/06/2017,1.0,2.0,494.0,10.0,-37.72596,145.00113000000005
ID784555274,2/10 Bolinda Rd,3,t,1330000.0,27/05/2017,2.0,1.0,260.0,18.0,-37.79294,145.08583000000004
ID862686009,11/5 Warner St,1,u,456000.0,6/05/2017,1.0,1.0,4721.0,59.0,-37.8515,145.0372
ID513205469,24 Brennan St,3,h,419000.0,17/06/2017,1.0,3.0,603.0,15.0,-37.70478,144.57211
ID354600797,5 Boldrewood Pde,3,h,817000.0,27/05/2017,1.0,2.0,700.0,34.0,-37.72456,145.02292
ID621380041,17 McCormack Cr,4,h,723000.0,16/09/2017,2.0,2.0,872.0,26.0,-37.872170000000004,144.68746000000004
ID802968174,2/23 Harold St,1,u,505000.0,12/08/2017,1.0,1.0,0.0,59.0,-37.827420000000004,145.05324
ID724975668,1/15 Cassels Rd,2,u,520000.0,24/06/2017,1.0,1.0,0.0,119.0,-37.75788,144.95935
ID421615395,27 Gerald St,4,h,1850000.0,16/09/2017,2.0,2.0,628.0,7.0,-37.82942,145.16714
ID873294392,21 River Dr,3,t,880000.0,8/10/2016,2.0,2.0,339.0,49.0,-37.7519,144.8534
ID144029917,3/1 Centre St,4,u,660000.0,17/06/2017,2.0,2.0,283.0,12.0,-37.78579000000001,144.83597
ID389620610,11 Kenilworth Gr,3,h,1625000.0,14/05/2016,2.0,4.0,1005.0,39.0,-37.8528,145.0487
ID228826564,1/10 Schofield St,3,u,786000.0,3/06/2017,2.0,1.0,138.0,37.0,-37.75284,144.90975
ID478186203,5 Davidson St,4,h,951000.0,26/08/2017,1.0,1.0,654.0,59.0,-37.75399,145.03606000000005
ID834175130,15 Longstaff St,3,h,1740000.0,20/05/2017,1.0,2.0,792.0,69.0,-37.774,145.0654
ID687811782,55 Margate Av,4,h,680000.0,29/07/2017,2.0,3.0,767.0,39.0,-38.16147,145.14285
ID408273293,1/42 Adelaide St,2,u,550000.0,3/12/2016,1.0,0.0,861.0,55.0,-37.8539,145.0284
ID969573852,4 Leighton Ct,3,h,2400000.0,20/05/2017,2.0,1.0,224.0,69.0,-37.8445,145.0124
ID153882270,39 Loeman St,2,h,1321000.0,10/12/2016,1.0,1.0,703.0,69.0,-37.7346,144.9204
ID967203980,4/34 Strathalbyn St,2,u,620000.0,3/09/2016,1.0,1.0,0.0,49.0,-37.7971,145.0514
ID993613407,497 Albion St,5,h,1350000.0,7/11/2016,2.0,2.0,510.0,22.0,-37.7581,144.9414
ID268854282,58 Sherbrooke Av,3,h,840000.0,29/07/2017,1.0,4.0,601.0,69.0,-37.93869,145.08441000000005
ID350449135,49 Glenview Rd,4,h,1265000.0,7/05/2016,1.0,1.0,649.0,69.0,-37.7367,144.9204
ID856320890,15A Riversdale Av,3,h,825000.0,22/07/2017,2.0,1.0,355.0,29.0,-38.07196,145.13036
ID615802235,5/13 Liley St,3,t,730000.0,12/08/2017,2.0,2.0,200.0,14.0,-37.85134,144.88636
ID957386522,10/32 Outer Cr,3,u,1180000.0,8/07/2017,2.0,2.0,0.0,8.0,-37.90542,144.99817
ID305675270,3 Mell St,5,h,2170000.0,17/09/2016,1.0,0.0,333.0,49.0,-37.8474,145.0063
ID285098019,1/22 Sycamore Gr,2,u,520000.0,15/10/2016,1.0,0.0,0.0,49.0,-37.8742,144.9972
ID169375585,10 Sedge Cl,4,h,1000000.0,22/04/2017,3.0,2.0,475.0,17.0,-37.7759,144.8552
ID771904012,4/61 Mayston St,1,u,560000.0,12/08/2017,1.0,1.0,803.0,59.0,-37.82689,145.05542
ID187997311,44 Lytton St,4,h,1100000.0,24/06/2017,2.0,2.0,1017.0,59.0,-37.70705,144.91011
ID736624915,8 Hillview Rd,4,h,2270000.0,19/08/2017,2.0,2.0,654.0,9.0,-37.78458,145.07912
ID577264918,17 Station Rd,4,h,1085000.0,8/10/2016,1.0,2.0,458.0,39.0,-37.8571,144.8915
ID380661362,1 James St,3,h,650000.0,19/11/2016,1.0,1.0,725.0,49.0,-37.7115,144.9731
ID143436816,22 Lowther St,3,h,1165000.0,27/06/2016,1.0,2.0,979.0,54.0,-37.7792,145.029
ID481182935,335 Liberty Pde,1,h,405000.0,6/08/2016,1.0,2.0,374.0,59.0,-37.7359,145.03799999999995
ID712668486,481 City Rd,2,h,1100000.0,17/09/2016,1.0,2.0,185.0,18.0,-37.8337,144.9507
ID550901758,2/10 Oshannassy St,2,u,393000.0,6/08/2016,1.0,1.0,999.0,49.0,-37.7396,144.90200000000004
ID370439356,129 Spring St,2,h,623500.0,22/08/2016,1.0,0.0,452.0,89.0,-37.7271,145.0009
ID807750491,203/551 Flinders La,1,u,275000.0,22/04/2017,1.0,0.0,0.0,19.0,-37.8199,144.9558
ID498849887,8/12 Charnwood Rd,2,u,487500.0,8/10/2016,1.0,2.0,1676.0,17.0,-37.8585,144.9852
ID179587017,3 Monomeath Pl,4,h,4350000.0,8/10/2016,3.0,3.0,788.0,74.0,-37.8215,145.0731
ID165663582,14 Hancock Dr,3,h,791100.0,23/09/2017,2.0,2.0,640.0,39.0,-37.89335,145.27924
ID959261113,205 Mitchell St,3,h,1516000.0,17/06/2017,1.0,2.0,504.0,20.0,-37.773579999999995,145.01286000000005
ID757906142,24 Crawford Av,4,h,614000.0,8/07/2017,2.0,2.0,680.0,11.0,-37.967,145.19658
ID850895309,15 Rose St,2,h,1550000.0,17/06/2017,1.0,0.0,212.0,84.0,-37.85068,145.01578999999995
ID589198103,1 Hinkler St,3,h,925000.0,8/04/2017,1.0,2.0,597.0,69.0,-37.7888,144.8511
ID686987933,17 Ballarat St,2,h,830000.0,13/05/2017,1.0,1.0,153.0,92.0,-37.766,144.9609
ID162182008,340 Plenty Rd,4,h,950000.0,23/09/2017,1.0,2.0,678.0,21.0,-37.74283,145.0086
ID500412052,14 Rose St,4,h,1150000.0,26/07/2016,2.0,2.0,43.0,89.0,-37.7456,144.9469
ID488761348,52 Severn St,3,h,865000.0,18/06/2016,1.0,1.0,189.0,89.0,-37.8159,144.8795
ID426259465,4/26 Acheron Av,2,u,495000.0,22/07/2017,1.0,1.0,134.0,6.0,-37.7216,145.0178
ID549998963,354 Montague St,3,h,1800000.0,24/06/2017,1.0,1.0,130.0,89.0,-37.842,144.95601000000005
ID452093140,7/42 Baker St,2,u,391000.0,13/08/2016,1.0,1.0,0.0,54.0,-37.812,145.0029
ID824223683,23 Bicknell Ct,3,h,673000.0,3/09/2017,1.0,1.0,659.0,94.0,-37.69404,144.91763999999995
ID800360635,30 Corsair St,2,h,1210000.0,29/04/2017,1.0,0.0,178.0,8.0,-37.8226,145.0064
ID912047461,1/33 Yeovil Rd,3,t,1625000.0,10/12/2016,2.0,2.0,365.0,39.0,-37.8526,145.0853
ID599769620,1 Rocke St,4,h,1300000.0,7/11/2016,1.0,1.0,586.0,74.0,-37.7726,145.0396
ID212733680,43 Ligar St,3,h,778000.0,23/09/2017,2.0,1.0,1058.0,18.0,-37.57858,144.72349
ID836605505,1/65 Ashburn Gr,4,t,1250000.0,27/11/2016,2.0,2.0,321.0,12.0,-37.8693,145.08
ID748486272,59 Sellars St,3,h,850000.0,22/07/2017,1.0,2.0,766.0,45.0,-37.698209999999996,145.08995
ID161413762,1/12 Charles St,2,u,730000.0,27/05/2017,1.0,0.0,284.0,89.0,-37.86309,144.98301999999995
ID300896771,17 Barclay Dr,3,h,877000.0,24/06/2017,1.0,2.0,533.0,54.0,-37.96257,145.08252
ID838055283,56 Broadmeadows Rd,3,h,822000.0,22/07/2017,1.0,1.0,778.0,59.0,-37.70321,144.87972
ID298574187,218 Nott St,2,h,1275000.0,7/05/2016,2.0,1.0,115.0,4.0,-37.8351,144.9441
ID667895476,18 Swanston St,2,h,690000.0,20/05/2017,1.0,0.0,563.0,79.0,-37.7383,145.0555
ID707501098,24 Jessie St,4,h,1600000.0,3/09/2016,2.0,1.0,464.0,109.0,-37.7805,145.004
ID623323428,2 Moore St,1,h,911000.0,29/04/2017,1.0,0.0,126.0,119.0,-37.8259,145.0107
ID452223182,414/99 Dow St,2,u,845000.0,7/05/2016,2.0,2.0,2166.0,29.0,-37.8415,144.9412
ID953952698,4 Barina Rd,3,h,821000.0,24/06/2017,1.0,1.0,656.0,49.0,-37.71467,144.92304
ID423821813,1/10 Reno Rd,4,h,1235000.0,29/07/2017,2.0,2.0,404.0,94.0,-37.95882,145.02138
ID127530977,1/3 Campbell Rd,2,u,637000.0,3/06/2017,1.0,1.0,318.0,39.0,-37.70688,145.11791000000005
ID625380412,14 Berringa St,3,h,570000.0,24/06/2017,1.0,2.0,537.0,59.0,-38.14264,145.14684
ID681660616,39 York St,4,h,2760000.0,27/11/2016,2.0,4.0,924.0,99.0,-37.8168,145.1011
ID384625885,5 Glenice St,3,h,740000.0,27/05/2017,1.0,3.0,580.0,57.0,-37.71536,145.10205
ID585185415,40 Albion St,4,h,1210000.0,27/05/2017,2.0,2.0,425.0,99.0,-37.76262,144.97733
ID545495557,10/12 St Huberts Rd,1,u,350000.0,19/11/2016,1.0,1.0,0.0,39.0,-37.8894,145.0508
ID221934141,31 Turner St,4,h,1542000.0,24/09/2016,3.0,1.0,0.0,99.0,-37.7994,144.9965
ID350635666,14A Supply Dr,2,h,452500.0,27/05/2017,1.0,1.0,279.0,34.0,-37.65791,145.02643
ID277363165,56 Chapel Rd,4,h,921000.0,26/07/2016,1.0,2.0,592.0,29.0,-37.9407,145.0482
ID334558491,8 Howard Ct,3,h,1100000.0,27/11/2016,2.0,2.0,771.0,59.0,-37.7765,145.11700000000005
ID524889120,2/10 Swan St,3,t,714000.0,10/12/2016,2.0,2.0,164.0,11.0,-37.7948,144.8868
ID481262577,28A McMahon Rd,2,h,510000.0,18/03/2017,1.0,2.0,268.0,49.0,-37.7113,145.0224
ID203121189,28 Selwyn St,2,h,541000.0,27/06/2016,1.0,1.0,497.0,49.0,-37.7806,144.8159
ID830741944,23 MacKay St,2,h,1255000.0,25/02/2017,1.0,1.0,0.0,99.0,-37.7488,144.9165
ID431922984,112 Newry St,4,h,1425000.0,4/03/2017,3.0,0.0,122.0,129.0,-37.7893,144.9696
ID315524722,4 Gordon St,3,h,1340000.0,10/09/2016,2.0,1.0,526.0,109.0,-37.9279,145.031
ID880340164,1/47 Kawarren St,2,u,950000.0,29/07/2017,1.0,1.0,327.0,44.0,-37.78245,145.09273000000005
ID822764417,3 Phillips St,3,h,1030000.0,17/09/2016,1.0,1.0,404.0,81.0,-37.7504,144.9537
ID287667243,5/40 Young St,2,u,348000.0,3/12/2016,1.0,1.0,0.0,12.0,-37.7677,144.9221
ID219147562,17 Norma St,2,h,621000.0,1/07/2017,1.0,0.0,610.0,80.0,-37.67629,145.15589
ID387203585,38 Charlbury Gr,4,h,632500.0,12/08/2017,2.0,2.0,592.0,59.0,-37.73084,144.78348
ID738045220,8A Finchley Av,4,h,831000.0,19/08/2017,3.0,3.0,708.0,12.0,-37.70317,144.91396
ID456074363,111 Hanson Rd,4,h,600000.0,23/09/2017,2.0,2.0,630.0,16.0,-37.58905,144.93658
ID729544704,50 Swanston St,3,h,662500.0,28/05/2016,1.0,4.0,552.0,64.0,-37.7379,145.0514
ID271031099,44 Morley St,4,h,825000.0,30/07/2016,2.0,4.0,768.0,49.0,-37.6979,144.9377
ID536696808,4/33 Ballarat Rd,3,t,585000.0,3/09/2016,1.0,1.0,259.0,49.0,-37.7955,144.9063
ID414594612,202/2 Rouse St,2,u,625000.0,3/06/2017,1.0,1.0,6830.0,19.0,-37.84432,144.94371999999996
ID966788496,5/67 Flinders St,2,u,601000.0,28/05/2016,1.0,1.0,82.0,18.0,-37.7556,145.0062
ID455795435,33 Welfare Pde,3,h,1688000.0,26/08/2017,1.0,2.0,717.0,109.0,-37.85918,145.083
ID897635396,13 Byron St,5,h,2930000.0,10/12/2016,3.0,4.0,645.0,14.0,-37.8317,145.0738
ID650155755,3a Cowra St,3,t,1425000.0,28/05/2016,2.0,2.0,495.0,77.0,-37.9049,145.0069
ID774312833,22 Ebony Dr,4,h,725000.0,12/08/2017,1.0,2.0,542.0,39.0,-37.68238,145.06432
ID510801785,58 Auburn Gr,4,h,3100000.0,10/09/2016,2.0,2.0,640.0,112.0,-37.826,145.0498
ID189683235,421 Rae St,2,h,1283000.0,28/08/2016,1.0,2.0,204.0,39.0,-37.7824,144.9801
ID731333835,4 Glendora Av,4,h,2210000.0,12/08/2017,2.0,1.0,396.0,111.0,-37.88779,144.99933000000001
ID535891225,69 Power St,4,h,2610000.0,10/09/2016,2.0,7.0,0.0,20.0,-37.8187,145.0272
ID804081693,4/64 Edward St,3,u,760000.0,17/06/2017,1.0,1.0,178.0,16.0,-37.96224,145.01683
ID875114520,56 Hamilton St,3,h,1145000.0,3/09/2016,1.0,1.0,350.0,129.0,-37.8094,144.8869
ID692787174,6 Dally St,2,h,1035000.0,22/05/2016,1.0,2.0,243.0,129.0,-37.7653,145.0014
ID216702691,2 Gianna Wy,3,h,565500.0,29/07/2017,2.0,2.0,361.0,49.0,-38.13673,145.21616
ID430533278,16 Poets Gr,2,h,1255000.0,17/06/2017,1.0,1.0,226.0,84.0,-37.88132,144.99013
ID701315736,23 Nungerner St,3,h,2730000.0,16/09/2017,2.0,2.0,679.0,79.0,-37.80576,145.06978999999995
ID551211517,9/11 Currajong St,2,u,250000.0,12/11/2016,1.0,1.0,0.0,49.0,-37.711,144.9178
ID816992441,239 South Rd,3,h,1400000.0,20/05/2017,1.0,2.0,677.0,133.0,-37.9304,145.0151
ID542044383,16 Harris St,3,h,623000.0,4/06/2016,1.0,3.0,540.0,52.0,-37.8267,144.8368
ID993577549,5/155 Power St,2,u,445000.0,18/06/2016,1.0,1.0,0.0,59.0,-37.8249,145.026
ID493246911,28 Khartoum St,4,h,830000.0,17/09/2016,1.0,2.0,426.0,89.0,-37.7919,144.8793
ID499506141,154 Milleara Rd,3,h,725000.0,4/06/2016,1.0,1.0,657.0,54.0,-37.7411,144.8638
ID273590751,2/12 Ashby Gr,2,u,750000.0,3/06/2017,1.0,1.0,112.0,59.0,-37.766890000000004,145.05206
ID991692094,11 Maireana St,4,h,1085000.0,3/06/2017,2.0,2.0,238.0,12.0,-37.7833,144.89717
ID872001514,18/24 Dongola Rd,2,t,620000.0,10/09/2016,1.0,1.0,144.0,49.0,-37.7926,144.8809
ID389898105,1/5 Glover St,3,h,590000.0,17/06/2017,1.0,2.0,290.0,69.0,-37.7368,145.05048
ID899083762,8/15 Egerton Rd,2,u,480000.0,8/04/2017,1.0,1.0,0.0,59.0,-37.8624,145.0223
ID490321873,24 Batman St,2,h,1255000.0,18/03/2017,1.0,0.0,148.0,129.0,-37.7841,144.9793
ID540073068,5/555 Orrong Rd,1,u,567000.0,28/08/2016,1.0,1.0,0.0,6.0,-37.8549,145.0113
ID370155599,305/567 Glenferrie Rd,3,u,840000.0,18/03/2017,2.0,2.0,0.0,5.0,-37.8268,145.0344
ID661527843,2/60 Budd St,3,t,887500.0,22/05/2016,2.0,1.0,81.0,19.0,-37.7961,144.9874
ID486333862,4/14 Brickwood St,2,u,858000.0,18/03/2017,1.0,1.0,107.0,69.0,-37.8958,144.9982
ID178056075,23 Maryville St,4,h,1925000.0,27/11/2016,2.0,3.0,485.0,14.0,-37.8754,144.9944
ID177817385,5/257 Buckley St,2,u,507000.0,3/06/2017,1.0,1.0,0.0,59.0,-37.75571,144.90366
ID476938127,26 Scotia St,2,h,760000.0,3/06/2017,1.0,0.0,251.0,39.0,-37.76856,144.90577
ID840323899,1/52 Union Rd,2,u,620000.0,19/11/2016,1.0,1.0,96.0,44.0,-37.8305,145.0961
ID561542791,313/163 Cremorne St,1,u,415000.0,18/03/2017,1.0,1.0,0.0,119.0,-37.8301,144.9904
ID434084993,14 Rowan Dr,3,h,570000.0,29/04/2017,1.0,2.0,557.0,39.0,-37.7279,144.8224
ID610694922,42 Rose St,3,h,2250000.0,17/09/2016,3.0,1.0,301.0,84.0,-37.8511,145.0167
ID329652191,22 Lord St,3,h,1335000.0,30/07/2016,1.0,2.0,308.0,89.0,-37.7713,144.9744
ID125705359,12/9 Milton St,2,u,442000.0,18/06/2016,1.0,1.0,0.0,44.0,-37.7733,144.9219
ID790533495,316/145 Roden St,1,u,295000.0,29/04/2017,1.0,1.0,0.0,6.0,-37.8084,144.9473
ID705077649,207/493 Victoria St,2,u,510000.0,8/07/2017,1.0,1.0,75.0,12.0,-37.80473,144.9435
ID837202657,1/72 Pine St,1,u,325000.0,12/08/2017,1.0,1.0,60.0,49.0,-37.71751,144.99849
ID375880464,20 York St,3,h,1400000.0,23/09/2017,1.0,6.0,667.0,99.0,-37.72765,144.98953
ID850438986,22 Hillcrest Dr,6,h,935000.0,17/06/2017,4.0,2.0,694.0,49.0,-37.681779999999996,144.73779
ID439844412,60 Orana Dr,3,h,880000.0,6/05/2017,1.0,4.0,555.0,69.0,-37.713,145.0894
ID615361544,20 Elizabeth St,3,h,1185000.0,16/07/2016,1.0,2.0,618.0,23.0,-37.9228,145.0527
ID499619086,69 Brunel St,3,h,2110000.0,1/07/2017,1.0,2.0,627.0,15.0,-37.86996,145.05621000000005
ID756656267,7/8 John St,1,u,357000.0,7/05/2016,1.0,1.0,0.0,54.0,-37.8785,144.9885
ID953513765,10/79 Oxford St,2,u,1260000.0,3/09/2016,1.0,1.0,0.0,119.0,-37.8042,144.9845
ID909977366,43 Fewster Rd,4,h,1250000.0,10/09/2016,3.0,2.0,398.0,5.0,-37.9381,145.0161
ID557625223,4/29 Margaret St,2,t,585500.0,18/03/2017,1.0,1.0,161.0,6.0,-37.7218,144.9188
ID236423898,3/10 Westminster St,2,h,1215000.0,3/12/2016,2.0,2.0,0.0,84.0,-37.8134,145.0972
ID137908911,212/50 Dow St,2,u,725000.0,4/06/2016,2.0,2.0,0.0,9.0,-37.8431,144.9403
ID608472473,2 Andrews St,4,h,1085000.0,16/09/2017,2.0,2.0,782.0,60.0,-37.70349,145.16281
ID261675035,8/12 Brentwood St,2,u,420000.0,27/05/2017,1.0,1.0,0.0,49.0,-37.9336,145.04509
ID841758295,66 Noone St,2,h,780000.0,4/06/2016,1.0,1.0,155.0,139.0,-37.7934,144.9922
ID354440565,9/12 Bartlett St,2,u,400000.0,4/03/2017,1.0,1.0,0.0,59.0,-37.9367,145.0322
ID813300699,39 Barter Cr,4,h,1078000.0,26/08/2017,1.0,1.0,611.0,59.0,-37.83945,145.16683999999995
ID647632418,63 Davis St,5,h,2425000.0,20/05/2017,3.0,1.0,520.0,59.0,-37.8101,145.0464
ID866572920,301/89 River St,2,u,930000.0,3/09/2016,2.0,2.0,0.0,19.0,-37.8361,144.9966
ID332586123,138 Raleigh St,2,h,1143000.0,22/08/2016,1.0,2.0,431.0,49.0,-37.7598,145.0088
ID332066257,18 Masons Rd,2,h,1500000.0,15/07/2017,1.0,1.0,1021.0,69.0,-37.83189,145.15785
ID549446044,8/595 Burke Rd,2,t,795000.0,17/06/2017,2.0,1.0,112.0,7.0,-37.84085,145.05415
ID850086577,3/82 Glass St,2,u,650000.0,17/09/2016,1.0,1.0,156.0,25.0,-37.746,144.9153
ID330310685,61 Union St,4,h,3660000.0,25/02/2017,3.0,2.0,421.0,99.0,-37.8593,145.0275
ID686360546,43 Ballarat St,2,h,767000.0,25/02/2017,1.0,0.0,128.0,99.0,-37.8179,144.8908
ID434011579,57A Binbrook Dr,3,h,730000.0,12/08/2017,2.0,2.0,269.0,12.0,-37.78499,145.2647
ID685018557,19 Howitt Dr,4,h,1561000.0,23/09/2017,2.0,2.0,1128.0,39.0,-37.76497,145.11077
ID295944810,14 Killeen St,3,h,470000.0,27/06/2016,1.0,1.0,591.0,48.0,-37.7987,144.8196
ID818764145,47 Churchill Wy,3,h,710000.0,19/08/2017,1.0,2.0,837.0,59.0,-37.796820000000004,145.30467
ID144944371,2 Eildon St,3,t,888000.0,28/08/2016,2.0,1.0,192.0,49.0,-37.7942,145.1256
ID952567812,2a Geum St,2,u,500000.0,1/07/2017,1.0,2.0,304.0,19.0,-37.70733,144.94041
ID829957985,6/26 Mercer Rd,2,u,825000.0,7/05/2016,1.0,1.0,0.0,49.0,-37.8528,145.0268
ID344367302,4 Vears Rd,3,h,1830000.0,25/02/2017,2.0,3.0,724.0,79.0,-37.8619,145.0879
ID386152541,5/26 Clifton St,2,u,590000.0,10/12/2016,1.0,1.0,356.0,14.0,-37.8509,144.9954
ID433489650,6/10 Brenbeal St,2,u,625000.0,13/08/2016,1.0,1.0,115.0,59.0,-37.8122,145.0879
ID708365886,3 Kemp Pl,3,h,388000.0,9/09/2017,1.0,0.0,650.0,119.0,-37.57281,144.70015
ID964136436,54 Tongue St,4,h,2035000.0,8/04/2017,2.0,0.0,607.0,129.0,-37.8128,144.8905
ID747013911,32 Myrtle St,2,h,1250000.0,13/05/2017,1.0,1.0,168.0,115.0,-37.7914,144.9967
ID337871719,43 Henshall Rd,4,h,1430000.0,16/04/2016,2.0,1.0,607.0,29.0,-37.7376,144.9154
ID322640332,10 Luxton Rd,3,h,2870000.0,12/11/2016,2.0,2.0,350.0,139.0,-37.8451,145.0019
ID179577703,127A Parer Rd,3,t,856000.0,27/05/2017,2.0,1.0,300.0,8.0,-37.71917,144.87819
ID459352564,347 Mascoma St,4,h,800000.0,18/06/2016,2.0,4.0,556.0,53.0,-37.715,144.8966
ID245553055,75 Cecil St,3,h,1050000.0,29/07/2017,1.0,0.0,179.0,129.0,-37.86558,144.90474
ID384363954,12/219 Williams Rd,1,u,310000.0,12/11/2016,1.0,1.0,0.0,69.0,-37.8444,145.0037
ID862235845,5 Berenice Tce,4,h,4000000.0,10/09/2016,2.0,2.0,632.0,49.0,-37.8338,145.0086
ID872001514,18/24 Dongola Rd,2,t,620000.0,10/09/2016,1.0,1.0,144.0,49.0,-37.7926,144.8809
ID161131766,18a Creswell Av,3,u,700000.0,12/08/2017,2.0,1.0,239.0,139.0,-37.733509999999995,144.88748999999999
ID784555274,2/10 Bolinda Rd,3,t,1330000.0,27/05/2017,2.0,1.0,260.0,18.0,-37.79294,145.08583000000004
ID322571045,50 Killara St,3,h,690000.0,18/03/2017,1.0,0.0,540.0,52.0,-37.789,144.8195
ID574663016,2/170 Cecil St,2,h,1000000.0,13/05/2017,1.0,2.0,447.0,119.0,-37.8602,144.8997
ID615361544,20 Elizabeth St,3,h,1185000.0,16/07/2016,1.0,2.0,618.0,23.0,-37.9228,145.0527
ID350794105,60 Gibdon St,2,h,1005000.0,3/12/2016,1.0,0.0,0.0,24.0,-37.8301,145.0103
ID983156907,65 Westgarth St,3,h,1415000.0,1/07/2017,1.0,1.0,366.0,8.0,-37.78103,144.998
ID152393013,83 Milleara Rd,3,h,875000.0,26/07/2016,2.0,2.0,928.0,49.0,-37.7362,144.8643
ID871711491,117 Francis St,4,h,660000.0,16/04/2016,1.0,2.0,360.0,109.0,-37.8212,144.8887
ID903242698,144 Cobden St,3,h,1405000.0,4/06/2016,1.0,1.0,181.0,139.0,-37.8365,144.9631
ID684780569,44 William St,5,h,2558000.0,12/08/2017,5.0,2.0,667.0,4.0,-37.88007,145.12328
ID388222749,13 Hodgson St,3,h,1110000.0,12/11/2016,1.0,2.0,600.0,69.0,-37.751999999999995,145.0722
ID360324232,147 George St,3,h,833800.0,24/06/2017,1.0,0.0,730.0,39.0,-37.88919,145.21629
ID762760339,7 Manly Ct,3,h,700000.0,7/05/2016,1.0,2.0,626.0,69.0,-37.7201,144.9696
